<?xml version="1.0" encoding="UTF-8"?>
<unload unload_date="2015-05-27 13:16:25">
<sys_remote_update_set action="INSERT_OR_UPDATE">
<application display_value="RightScaleCloudManagement">adee18db0f61f100bad2fc5be1050e29</application>
<application_name>RightScaleCloudManagement</application_name>
<application_scope>x_ris_rightscale_c</application_scope>
<application_version>1.0.0</application_version>
<collisions/>
<commit_date/>
<deleted/>
<description>Automatically created by the system</description>
<inserted/>
<name>CorporateStandardLinux</name>
<origin_sys_id/>
<release_date/>
<remote_sys_id>7f47629d0f180200adc3cf8ce1050eec</remote_sys_id>
<state>loaded</state>
<summary/>
<sys_created_by>admin</sys_created_by>
<sys_created_on>2015-05-27 13:16:24</sys_created_on>
<sys_id>de29a29d0f180200adc3cf8ce1050e95</sys_id>
<sys_mod_count>0</sys_mod_count>
<sys_updated_by>admin</sys_updated_by>
<sys_updated_on>2015-05-27 13:16:24</sys_updated_on>
<update_set display_value=""/>
<update_source display_value=""/>
<updated/>
</sys_remote_update_set>
<sys_update_xml action="INSERT_OR_UPDATE">
<action>INSERT_OR_UPDATE</action>
<application display_value="RightScaleCloudManagement">adee18db0f61f100bad2fc5be1050e29</application>
<category>customer</category>
<comments/>
<name>item_option_new_0658629d0f180200adc3cf8ce1050eb4</name>
<payload><![CDATA[<?xml version="1.0" encoding="UTF-8"?><record_update table="item_option_new"><item_option_new action="INSERT_OR_UPDATE"><active>true</active><attributes/><cat_item display_value="Corporate Standard Linux">f5d76e5d0f180200adc3cf8ce1050e63</cat_item><category/><choice_direction>down</choice_direction><choice_field/><choice_table/><create_roles/><default_html_value/><default_value>Ubuntu</default_value><delete_roles/><delivery_plan/><description/><display_title>false</display_title><do_not_select_first>false</do_not_select_first><dynamic_default_value/><dynamic_ref_qual/><field/><global>false</global><help_tag>More information</help_tag><help_text/><include_none>false</include_none><layout>normal</layout><list_table/><lookup_label/><lookup_price/><lookup_table/><lookup_unique>false</lookup_unique><lookup_value/><macro/><mandatory>false</mandatory><map_to_field>false</map_to_field><mask_use_confirmation>false</mask_use_confirmation><mask_use_encryption>false</mask_use_encryption><name>param_servertype</name><order>24</order><price_if_checked>0</price_if_checked><pricing_implications>false</pricing_implications><question_text>Linux Server Type</question_text><read_roles/><rec_lookup_price/><rec_price_if_checked>0</rec_price_if_checked><record/><record_producer_table/><reference/><reference_qual/><reference_qual_condition/><scale_max>5</scale_max><scale_min>0</scale_min><show_help>false</show_help><summary_macro/><sys_class_name>item_option_new</sys_class_name><sys_created_by>admin</sys_created_by><sys_created_on>2015-05-27 13:13:23</sys_created_on><sys_customer_update>true</sys_customer_update><sys_id>0658629d0f180200adc3cf8ce1050eb4</sys_id><sys_mod_count>1</sys_mod_count><sys_name>Linux Server Type</sys_name><sys_package display_value="RightScaleCloudManagement" source="x_ris_rightscale_c">adee18db0f61f100bad2fc5be1050e29</sys_package><sys_policy/><sys_replace_on_upgrade>false</sys_replace_on_upgrade><sys_scope display_value="RightScaleCloudManagement">adee18db0f61f100bad2fc5be1050e29</sys_scope><sys_update_name>item_option_new_0658629d0f180200adc3cf8ce1050eb4</sys_update_name><sys_updated_by>admin</sys_updated_by><sys_updated_on>2015-05-27 13:14:06</sys_updated_on><table/><type>5</type><ui_page/><use_dynamic_default>false</use_dynamic_default><use_reference_qualifier>simple</use_reference_qualifier><variable_name/><variable_set/><visibility>1</visibility><visible_bundle>true</visible_bundle><visible_guide>true</visible_guide><visible_standalone>true</visible_standalone><visible_summary>true</visible_summary><write_roles/></item_option_new><sys_translated_text action="delete_multiple" query="documentkey=0658629d0f180200adc3cf8ce1050eb4"/></record_update>]]></payload>
<remote_update_set display_value="CorporateStandardLinux">de29a29d0f180200adc3cf8ce1050e95</remote_update_set>
<replace_on_upgrade>false</replace_on_upgrade>
<sys_created_by>admin</sys_created_by>
<sys_created_on>2015-05-27 13:16:24</sys_created_on>
<sys_id>1229a29d0f180200adc3cf8ce1050e96</sys_id>
<sys_mod_count>0</sys_mod_count>
<sys_updated_by>admin</sys_updated_by>
<sys_updated_on>2015-05-27 13:16:24</sys_updated_on>
<table/>
<target_name>Linux Server Type</target_name>
<type>Variable</type>
<update_domain>global</update_domain>
<update_set display_value=""/>
<view/>
</sys_update_xml>
<sys_update_xml action="INSERT_OR_UPDATE">
<action>INSERT_OR_UPDATE</action>
<application display_value="RightScaleCloudManagement">adee18db0f61f100bad2fc5be1050e29</application>
<category>customer</category>
<comments/>
<name>question_choice_f888e29d0f180200adc3cf8ce1050ecf</name>
<payload><![CDATA[<?xml version="1.0" encoding="UTF-8"?><record_update table="question_choice"><question_choice action="INSERT_OR_UPDATE"><misc>0.00</misc><order>100</order><question display_value="Linux Server Type">0658629d0f180200adc3cf8ce1050eb4</question><rec_misc>0.00</rec_misc><sys_class_name>question_choice</sys_class_name><sys_created_by>admin</sys_created_by><sys_created_on>2015-05-27 13:13:43</sys_created_on><sys_customer_update>true</sys_customer_update><sys_id>f888e29d0f180200adc3cf8ce1050ecf</sys_id><sys_mod_count>0</sys_mod_count><sys_name>CentOS</sys_name><sys_package display_value="RightScaleCloudManagement" source="x_ris_rightscale_c">adee18db0f61f100bad2fc5be1050e29</sys_package><sys_policy/><sys_replace_on_upgrade>false</sys_replace_on_upgrade><sys_scope display_value="RightScaleCloudManagement">adee18db0f61f100bad2fc5be1050e29</sys_scope><sys_update_name>question_choice_f888e29d0f180200adc3cf8ce1050ecf</sys_update_name><sys_updated_by>admin</sys_updated_by><sys_updated_on>2015-05-27 13:13:43</sys_updated_on><text>CentOS</text><value>CentOS</value></question_choice><fx_price action="delete_multiple" query="id=f888e29d0f180200adc3cf8ce1050ecf"/><fx_price action="INSERT_OR_UPDATE"><amount>0</amount><currency display_value="USD">USD</currency><field>misc</field><id>f888e29d0f180200adc3cf8ce1050ecf</id><parent/><reference_amount>0</reference_amount><reference_currency display_value="USD">USD</reference_currency><sys_created_by>admin</sys_created_by><sys_created_on>2015-05-27 13:13:43</sys_created_on><sys_id>f288a29d0f180200adc3cf8ce1050e89</sys_id><sys_mod_count>0</sys_mod_count><sys_updated_by>admin</sys_updated_by><sys_updated_on>2015-05-27 13:13:43</sys_updated_on><table>question_choice</table><type>calculated</type></fx_price><fx_price action="INSERT_OR_UPDATE"><amount>0</amount><currency display_value="USD">USD</currency><field>rec_misc</field><id>f888e29d0f180200adc3cf8ce1050ecf</id><parent/><reference_amount>0</reference_amount><reference_currency display_value="USD">USD</reference_currency><sys_created_by>admin</sys_created_by><sys_created_on>2015-05-27 13:13:43</sys_created_on><sys_id>b288a29d0f180200adc3cf8ce1050e89</sys_id><sys_mod_count>0</sys_mod_count><sys_updated_by>admin</sys_updated_by><sys_updated_on>2015-05-27 13:13:43</sys_updated_on><table>question_choice</table><type>calculated</type></fx_price></record_update>]]></payload>
<remote_update_set display_value="CorporateStandardLinux">de29a29d0f180200adc3cf8ce1050e95</remote_update_set>
<replace_on_upgrade>false</replace_on_upgrade>
<sys_created_by>admin</sys_created_by>
<sys_created_on>2015-05-27 13:16:24</sys_created_on>
<sys_id>1229a29d0f180200adc3cf8ce1050e97</sys_id>
<sys_mod_count>0</sys_mod_count>
<sys_updated_by>admin</sys_updated_by>
<sys_updated_on>2015-05-27 13:16:24</sys_updated_on>
<table/>
<target_name>CentOS</target_name>
<type>Question Choice</type>
<update_domain>global                          </update_domain>
<update_set display_value=""/>
<view/>
</sys_update_xml>
<sys_update_xml action="INSERT_OR_UPDATE">
<action>INSERT_OR_UPDATE</action>
<application display_value="RightScaleCloudManagement">adee18db0f61f100bad2fc5be1050e29</application>
<category>customer</category>
<comments/>
<name>item_option_new_a3a8229d0f180200adc3cf8ce1050e40</name>
<payload><![CDATA[<?xml version="1.0" encoding="UTF-8"?><record_update table="item_option_new"><item_option_new action="INSERT_OR_UPDATE"><active>true</active><attributes/><cat_item display_value="Corporate Standard Linux">f5d76e5d0f180200adc3cf8ce1050e63</cat_item><category/><choice_direction>down</choice_direction><choice_field/><choice_table/><create_roles/><default_html_value/><default_value>standard performance</default_value><delete_roles/><delivery_plan/><description/><display_title>false</display_title><do_not_select_first>false</do_not_select_first><dynamic_default_value/><dynamic_ref_qual/><field/><global>false</global><help_tag>More information</help_tag><help_text/><include_none>false</include_none><layout>normal</layout><list_table/><lookup_label/><lookup_price/><lookup_table/><lookup_unique>false</lookup_unique><lookup_value/><macro/><mandatory>false</mandatory><map_to_field>false</map_to_field><mask_use_confirmation>false</mask_use_confirmation><mask_use_encryption>false</mask_use_encryption><name>param_instancetype</name><order>26</order><price_if_checked>0</price_if_checked><pricing_implications>false</pricing_implications><question_text>Server Performance Level</question_text><read_roles/><rec_lookup_price/><rec_price_if_checked>0</rec_price_if_checked><record/><record_producer_table/><reference/><reference_qual/><reference_qual_condition/><scale_max>5</scale_max><scale_min>0</scale_min><show_help>false</show_help><summary_macro/><sys_class_name>item_option_new</sys_class_name><sys_created_by>admin</sys_created_by><sys_created_on>2015-05-27 13:14:41</sys_created_on><sys_customer_update>true</sys_customer_update><sys_id>a3a8229d0f180200adc3cf8ce1050e40</sys_id><sys_mod_count>1</sys_mod_count><sys_name>Server Performance Level</sys_name><sys_package display_value="RightScaleCloudManagement" source="x_ris_rightscale_c">adee18db0f61f100bad2fc5be1050e29</sys_package><sys_policy/><sys_replace_on_upgrade>false</sys_replace_on_upgrade><sys_scope display_value="RightScaleCloudManagement">adee18db0f61f100bad2fc5be1050e29</sys_scope><sys_update_name>item_option_new_a3a8229d0f180200adc3cf8ce1050e40</sys_update_name><sys_updated_by>admin</sys_updated_by><sys_updated_on>2015-05-27 13:15:36</sys_updated_on><table/><type>5</type><ui_page/><use_dynamic_default>false</use_dynamic_default><use_reference_qualifier>simple</use_reference_qualifier><variable_name/><variable_set/><visibility>1</visibility><visible_bundle>true</visible_bundle><visible_guide>true</visible_guide><visible_standalone>true</visible_standalone><visible_summary>true</visible_summary><write_roles/></item_option_new><sys_translated_text action="delete_multiple" query="documentkey=a3a8229d0f180200adc3cf8ce1050e40"/></record_update>]]></payload>
<remote_update_set display_value="CorporateStandardLinux">de29a29d0f180200adc3cf8ce1050e95</remote_update_set>
<replace_on_upgrade>false</replace_on_upgrade>
<sys_created_by>admin</sys_created_by>
<sys_created_on>2015-05-27 13:16:24</sys_created_on>
<sys_id>1629a29d0f180200adc3cf8ce1050e96</sys_id>
<sys_mod_count>0</sys_mod_count>
<sys_updated_by>admin</sys_updated_by>
<sys_updated_on>2015-05-27 13:16:24</sys_updated_on>
<table/>
<target_name>Server Performance Level</target_name>
<type>Variable</type>
<update_domain>global</update_domain>
<update_set display_value=""/>
<view/>
</sys_update_xml>
<sys_update_xml action="INSERT_OR_UPDATE">
<action>INSERT_OR_UPDATE</action>
<application display_value="RightScaleCloudManagement">adee18db0f61f100bad2fc5be1050e29</application>
<category>customer</category>
<comments/>
<name>question_choice_0ae8269d0f180200adc3cf8ce1050eb2</name>
<payload><![CDATA[<?xml version="1.0" encoding="UTF-8"?><record_update table="question_choice"><question_choice action="INSERT_OR_UPDATE"><misc>0.00</misc><order>200</order><question display_value="Server Performance Level">a3a8229d0f180200adc3cf8ce1050e40</question><rec_misc>0.00</rec_misc><sys_class_name>question_choice</sys_class_name><sys_created_by>admin</sys_created_by><sys_created_on>2015-05-27 13:15:24</sys_created_on><sys_customer_update>true</sys_customer_update><sys_id>0ae8269d0f180200adc3cf8ce1050eb2</sys_id><sys_mod_count>0</sys_mod_count><sys_name>high performance</sys_name><sys_package display_value="RightScaleCloudManagement" source="x_ris_rightscale_c">adee18db0f61f100bad2fc5be1050e29</sys_package><sys_policy/><sys_replace_on_upgrade>false</sys_replace_on_upgrade><sys_scope display_value="RightScaleCloudManagement">adee18db0f61f100bad2fc5be1050e29</sys_scope><sys_update_name>question_choice_0ae8269d0f180200adc3cf8ce1050eb2</sys_update_name><sys_updated_by>admin</sys_updated_by><sys_updated_on>2015-05-27 13:15:24</sys_updated_on><text>high performance</text><value>high performance</value></question_choice><fx_price action="delete_multiple" query="id=0ae8269d0f180200adc3cf8ce1050eb2"/><fx_price action="INSERT_OR_UPDATE"><amount>0</amount><currency display_value="USD">USD</currency><field>misc</field><id>0ae8269d0f180200adc3cf8ce1050eb2</id><parent/><reference_amount>0</reference_amount><reference_currency display_value="USD">USD</reference_currency><sys_created_by>admin</sys_created_by><sys_created_on>2015-05-27 13:15:24</sys_created_on><sys_id>e3e8269d0f180200adc3cf8ce1050e9b</sys_id><sys_mod_count>0</sys_mod_count><sys_updated_by>admin</sys_updated_by><sys_updated_on>2015-05-27 13:15:24</sys_updated_on><table>question_choice</table><type>calculated</type></fx_price><fx_price action="INSERT_OR_UPDATE"><amount>0</amount><currency display_value="USD">USD</currency><field>rec_misc</field><id>0ae8269d0f180200adc3cf8ce1050eb2</id><parent/><reference_amount>0</reference_amount><reference_currency display_value="USD">USD</reference_currency><sys_created_by>admin</sys_created_by><sys_created_on>2015-05-27 13:15:24</sys_created_on><sys_id>a3e8269d0f180200adc3cf8ce1050e9b</sys_id><sys_mod_count>0</sys_mod_count><sys_updated_by>admin</sys_updated_by><sys_updated_on>2015-05-27 13:15:24</sys_updated_on><table>question_choice</table><type>calculated</type></fx_price></record_update>]]></payload>
<remote_update_set display_value="CorporateStandardLinux">de29a29d0f180200adc3cf8ce1050e95</remote_update_set>
<replace_on_upgrade>false</replace_on_upgrade>
<sys_created_by>admin</sys_created_by>
<sys_created_on>2015-05-27 13:16:24</sys_created_on>
<sys_id>1a29a29d0f180200adc3cf8ce1050e96</sys_id>
<sys_mod_count>0</sys_mod_count>
<sys_updated_by>admin</sys_updated_by>
<sys_updated_on>2015-05-27 13:16:24</sys_updated_on>
<table/>
<target_name>high performance</target_name>
<type>Question Choice</type>
<update_domain>global                          </update_domain>
<update_set display_value=""/>
<view/>
</sys_update_xml>
<sys_update_xml action="INSERT_OR_UPDATE">
<action>INSERT_OR_UPDATE</action>
<application display_value="RightScaleCloudManagement">adee18db0f61f100bad2fc5be1050e29</application>
<category>customer</category>
<comments/>
<name>question_choice_39d76e5d0f180200adc3cf8ce1050e67</name>
<payload><![CDATA[<?xml version="1.0" encoding="UTF-8"?><record_update table="question_choice"><question_choice action="INSERT_OR_UPDATE"><misc>0</misc><order>200</order><question display_value="Schedule name">3dd76e5d0f180200adc3cf8ce1050e64</question><rec_misc>0</rec_misc><sys_class_name>question_choice</sys_class_name><sys_created_by>admin</sys_created_by><sys_created_on>2015-05-27 13:10:39</sys_created_on><sys_customer_update>true</sys_customer_update><sys_id>39d76e5d0f180200adc3cf8ce1050e67</sys_id><sys_mod_count>0</sys_mod_count><sys_name>Business Hours</sys_name><sys_package display_value="RightScaleCloudManagement" source="x_ris_rightscale_c">adee18db0f61f100bad2fc5be1050e29</sys_package><sys_policy/><sys_replace_on_upgrade>false</sys_replace_on_upgrade><sys_scope display_value="RightScaleCloudManagement">adee18db0f61f100bad2fc5be1050e29</sys_scope><sys_update_name>question_choice_39d76e5d0f180200adc3cf8ce1050e67</sys_update_name><sys_updated_by>admin</sys_updated_by><sys_updated_on>2015-05-27 13:10:39</sys_updated_on><text>Business Hours</text><value>Business Hours</value></question_choice><fx_price action="delete_multiple" query="id=39d76e5d0f180200adc3cf8ce1050e67"/><fx_price action="INSERT_OR_UPDATE"><amount>0</amount><currency display_value="USD">USD</currency><field>misc</field><id>39d76e5d0f180200adc3cf8ce1050e67</id><parent/><reference_amount>0</reference_amount><reference_currency display_value="USD">USD</reference_currency><sys_created_by>admin</sys_created_by><sys_created_on>2015-05-27 13:10:39</sys_created_on><sys_id>3dd76e5d0f180200adc3cf8ce1050e67</sys_id><sys_mod_count>0</sys_mod_count><sys_updated_by>admin</sys_updated_by><sys_updated_on>2015-05-27 13:10:39</sys_updated_on><table>question_choice</table><type>calculated</type></fx_price><fx_price action="INSERT_OR_UPDATE"><amount>0</amount><currency display_value="USD">USD</currency><field>rec_misc</field><id>39d76e5d0f180200adc3cf8ce1050e67</id><parent/><reference_amount>0</reference_amount><reference_currency display_value="USD">USD</reference_currency><sys_created_by>admin</sys_created_by><sys_created_on>2015-05-27 13:10:39</sys_created_on><sys_id>f9d76e5d0f180200adc3cf8ce1050e67</sys_id><sys_mod_count>0</sys_mod_count><sys_updated_by>admin</sys_updated_by><sys_updated_on>2015-05-27 13:10:39</sys_updated_on><table>question_choice</table><type>calculated</type></fx_price></record_update>]]></payload>
<remote_update_set display_value="CorporateStandardLinux">de29a29d0f180200adc3cf8ce1050e95</remote_update_set>
<replace_on_upgrade>false</replace_on_upgrade>
<sys_created_by>admin</sys_created_by>
<sys_created_on>2015-05-27 13:16:24</sys_created_on>
<sys_id>1e29a29d0f180200adc3cf8ce1050e96</sys_id>
<sys_mod_count>0</sys_mod_count>
<sys_updated_by>admin</sys_updated_by>
<sys_updated_on>2015-05-27 13:16:24</sys_updated_on>
<table/>
<target_name>Business Hours</target_name>
<type>Question Choice</type>
<update_domain>global                          </update_domain>
<update_set display_value=""/>
<view/>
</sys_update_xml>
<sys_update_xml action="INSERT_OR_UPDATE">
<action>INSERT_OR_UPDATE</action>
<application display_value="RightScaleCloudManagement">adee18db0f61f100bad2fc5be1050e29</application>
<category>customer</category>
<comments/>
<name>item_option_new_3dd76e5d0f180200adc3cf8ce1050e64</name>
<payload><![CDATA[<?xml version="1.0" encoding="UTF-8"?><record_update table="item_option_new"><item_option_new action="INSERT_OR_UPDATE"><active>true</active><attributes/><cat_item display_value="Copy of Launch Application">f5d76e5d0f180200adc3cf8ce1050e63</cat_item><category/><choice_direction>down</choice_direction><choice_field/><choice_table/><create_roles/><default_html_value/><default_value>Business Hours</default_value><delete_roles/><delivery_plan/><description/><display_title>false</display_title><do_not_select_first>false</do_not_select_first><dynamic_default_value/><dynamic_ref_qual/><field/><global>false</global><help_tag>More information</help_tag><help_text/><include_none>false</include_none><layout>normal</layout><list_table/><lookup_label/><lookup_price/><lookup_table/><lookup_unique>false</lookup_unique><lookup_value/><macro/><mandatory>false</mandatory><map_to_field>false</map_to_field><mask_use_confirmation>false</mask_use_confirmation><mask_use_encryption>false</mask_use_encryption><name>u_schedule_name</name><order>30</order><price_if_checked>0</price_if_checked><pricing_implications>false</pricing_implications><question_text>Schedule name</question_text><read_roles/><rec_lookup_price/><rec_price_if_checked>0</rec_price_if_checked><record/><record_producer_table/><reference/><reference_qual/><reference_qual_condition/><scale_max>5</scale_max><scale_min>0</scale_min><show_help>false</show_help><summary_macro/><sys_class_name>item_option_new</sys_class_name><sys_created_by>admin</sys_created_by><sys_created_on>2015-05-27 13:10:38</sys_created_on><sys_customer_update>true</sys_customer_update><sys_id>3dd76e5d0f180200adc3cf8ce1050e64</sys_id><sys_mod_count>0</sys_mod_count><sys_name>Schedule name</sys_name><sys_package display_value="RightScaleCloudManagement" source="x_ris_rightscale_c">adee18db0f61f100bad2fc5be1050e29</sys_package><sys_policy/><sys_replace_on_upgrade>false</sys_replace_on_upgrade><sys_scope display_value="RightScaleCloudManagement">adee18db0f61f100bad2fc5be1050e29</sys_scope><sys_update_name>item_option_new_11e48a094fd771001816e321a310c77a</sys_update_name><sys_updated_by>admin</sys_updated_by><sys_updated_on>2015-05-27 13:10:38</sys_updated_on><table/><type>5</type><ui_page/><use_dynamic_default>false</use_dynamic_default><use_reference_qualifier>simple</use_reference_qualifier><variable_name/><variable_set/><visibility>1</visibility><visible_bundle>true</visible_bundle><visible_guide>true</visible_guide><visible_standalone>true</visible_standalone><visible_summary>true</visible_summary><write_roles/></item_option_new><sys_translated_text action="delete_multiple" query="documentkey=3dd76e5d0f180200adc3cf8ce1050e64"/></record_update>]]></payload>
<remote_update_set display_value="CorporateStandardLinux">de29a29d0f180200adc3cf8ce1050e95</remote_update_set>
<replace_on_upgrade>false</replace_on_upgrade>
<sys_created_by>admin</sys_created_by>
<sys_created_on>2015-05-27 13:16:24</sys_created_on>
<sys_id>5229a29d0f180200adc3cf8ce1050e96</sys_id>
<sys_mod_count>0</sys_mod_count>
<sys_updated_by>admin</sys_updated_by>
<sys_updated_on>2015-05-27 13:16:24</sys_updated_on>
<table/>
<target_name>Schedule name</target_name>
<type>Variable</type>
<update_domain>global                          </update_domain>
<update_set display_value=""/>
<view/>
</sys_update_xml>
<sys_update_xml action="INSERT_OR_UPDATE">
<action>INSERT_OR_UPDATE</action>
<application display_value="RightScaleCloudManagement">adee18db0f61f100bad2fc5be1050e29</application>
<category>customer</category>
<comments/>
<name>sc_cat_item_b7140a094fd771001816e321a310c7f0</name>
<payload><![CDATA[<?xml version="1.0" encoding="UTF-8"?><record_update table="sc_cat_item"><sc_cat_item action="INSERT_OR_UPDATE"><active>true</active><availability>on_desktop</availability><billable>false</billable><category/><cost>0</cost><custom_cart/><delivery_plan/><delivery_plan_script/><delivery_time>1970-01-03 00:00:00</delivery_time><description/><entitlement_script/><group/><icon/><ignore_price>true</ignore_price><image/><list_price>0.00</list_price><location/><meta/><mobile_hide_price>false</mobile_hide_price><mobile_picture/><mobile_picture_type>use_desktop_picture</mobile_picture_type><model/><name>Copy of Launch Application</name><no_cart>false</no_cart><no_order>false</no_order><no_order_now>false</no_order_now><no_proceed_checkout>false</no_proceed_checkout><no_quantity>false</no_quantity><no_search>false</no_search><omit_price>false</omit_price><order>0</order><ordered_item_link/><picture/><preview>JavaScript: popupOpenStandard("./com.glideapp.servicecatalog_cat_item_view.do?v=1&amp;sysparm_id=f5d76e5d0f180200adc3cf8ce1050e63&amp;sysparm_preview=true", "summary");</preview><price>0</price><recurring_frequency/><recurring_price>0.00</recurring_price><roles/><sc_catalogs>e0d08b13c3330100c8b837659bba8fb4</sc_catalogs><sc_ic_item_staging/><sc_ic_version/><short_description/><start_closed>false</start_closed><sys_class_name>sc_cat_item</sys_class_name><sys_created_by>admin</sys_created_by><sys_created_on>2015-05-27 13:10:38</sys_created_on><sys_customer_update>true</sys_customer_update><sys_id>f5d76e5d0f180200adc3cf8ce1050e63</sys_id><sys_mod_count>0</sys_mod_count><sys_name>Launch Application</sys_name><sys_package display_value="RightScaleCloudManagement" source="x_ris_rightscale_c">adee18db0f61f100bad2fc5be1050e29</sys_package><sys_policy/><sys_replace_on_upgrade>false</sys_replace_on_upgrade><sys_scope display_value="RightScaleCloudManagement">adee18db0f61f100bad2fc5be1050e29</sys_scope><sys_update_name>sc_cat_item_b7140a094fd771001816e321a310c7f0</sys_update_name><sys_updated_by>admin</sys_updated_by><sys_updated_on>2015-05-27 13:10:38</sys_updated_on><template/><type>item</type><use_sc_layout>true</use_sc_layout><vendor/><visible_bundle>true</visible_bundle><visible_guide>true</visible_guide><visible_standalone>true</visible_standalone><workflow display_value="Self-Service Launch Application">74ee3c2a0f96b500bad2fc5be1050eb4</workflow></sc_cat_item><sys_translated_text action="delete_multiple" query="documentkey=f5d76e5d0f180200adc3cf8ce1050e63"/><fx_price action="delete_multiple" query="id=f5d76e5d0f180200adc3cf8ce1050e63"/><fx_price action="INSERT_OR_UPDATE"><amount>0</amount><currency display_value="USD">USD</currency><field>price</field><id>f5d76e5d0f180200adc3cf8ce1050e63</id><parent/><reference_amount>0</reference_amount><reference_currency display_value="USD">USD</reference_currency><sys_created_by>admin</sys_created_by><sys_created_on>2015-05-27 13:10:38</sys_created_on><sys_id>b9d76e5d0f180200adc3cf8ce1050e63</sys_id><sys_mod_count>0</sys_mod_count><sys_updated_by>admin</sys_updated_by><sys_updated_on>2015-05-27 13:10:38</sys_updated_on><table>sc_cat_item</table><type>calculated</type></fx_price></record_update>]]></payload>
<remote_update_set display_value="CorporateStandardLinux">de29a29d0f180200adc3cf8ce1050e95</remote_update_set>
<replace_on_upgrade>false</replace_on_upgrade>
<sys_created_by>admin</sys_created_by>
<sys_created_on>2015-05-27 13:16:24</sys_created_on>
<sys_id>5229a29d0f180200adc3cf8ce1050e97</sys_id>
<sys_mod_count>0</sys_mod_count>
<sys_updated_by>admin</sys_updated_by>
<sys_updated_on>2015-05-27 13:16:24</sys_updated_on>
<table/>
<target_name>Copy of Launch Application</target_name>
<type>Catalog Item</type>
<update_domain>global</update_domain>
<update_set display_value=""/>
<view/>
</sys_update_xml>
<sys_update_xml action="INSERT_OR_UPDATE">
<action>INSERT_OR_UPDATE</action>
<application display_value="RightScaleCloudManagement">adee18db0f61f100bad2fc5be1050e29</application>
<category>customer</category>
<comments/>
<name>item_option_new_bdd76e5d0f180200adc3cf8ce1050e65</name>
<payload><![CDATA[<?xml version="1.0" encoding="UTF-8"?><record_update table="item_option_new"><item_option_new action="INSERT_OR_UPDATE"><active>true</active><attributes/><cat_item display_value="Copy of Launch Application">f5d76e5d0f180200adc3cf8ce1050e63</cat_item><category/><choice_direction>down</choice_direction><choice_field/><choice_table/><create_roles/><default_html_value/><default_value/><delete_roles/><delivery_plan/><description/><display_title>false</display_title><do_not_select_first>false</do_not_select_first><dynamic_default_value/><dynamic_ref_qual/><field/><global>false</global><help_tag>More information</help_tag><help_text/><include_none>false</include_none><layout>normal</layout><list_table/><lookup_label/><lookup_price/><lookup_table/><lookup_unique>false</lookup_unique><lookup_value/><macro/><mandatory>false</mandatory><map_to_field>false</map_to_field><mask_use_confirmation>false</mask_use_confirmation><mask_use_encryption>false</mask_use_encryption><name>u_description</name><order>20</order><price_if_checked>0</price_if_checked><pricing_implications>false</pricing_implications><question_text>Description</question_text><read_roles/><rec_lookup_price/><rec_price_if_checked>0</rec_price_if_checked><record/><record_producer_table/><reference/><reference_qual/><reference_qual_condition/><scale_max>5</scale_max><scale_min>0</scale_min><show_help>false</show_help><summary_macro/><sys_class_name>item_option_new</sys_class_name><sys_created_by>admin</sys_created_by><sys_created_on>2015-05-27 13:10:38</sys_created_on><sys_customer_update>true</sys_customer_update><sys_id>bdd76e5d0f180200adc3cf8ce1050e65</sys_id><sys_mod_count>0</sys_mod_count><sys_name>Description</sys_name><sys_package display_value="RightScaleCloudManagement" source="x_ris_rightscale_c">adee18db0f61f100bad2fc5be1050e29</sys_package><sys_policy/><sys_replace_on_upgrade>false</sys_replace_on_upgrade><sys_scope display_value="RightScaleCloudManagement">adee18db0f61f100bad2fc5be1050e29</sys_scope><sys_update_name>item_option_new_59c48a094fd771001816e321a310c7a3</sys_update_name><sys_updated_by>admin</sys_updated_by><sys_updated_on>2015-05-27 13:10:38</sys_updated_on><table/><type>2</type><ui_page/><use_dynamic_default>false</use_dynamic_default><use_reference_qualifier>simple</use_reference_qualifier><variable_name/><variable_set/><visibility>1</visibility><visible_bundle>true</visible_bundle><visible_guide>true</visible_guide><visible_standalone>true</visible_standalone><visible_summary>true</visible_summary><write_roles/></item_option_new><sys_translated_text action="delete_multiple" query="documentkey=bdd76e5d0f180200adc3cf8ce1050e65"/></record_update>]]></payload>
<remote_update_set display_value="CorporateStandardLinux">de29a29d0f180200adc3cf8ce1050e95</remote_update_set>
<replace_on_upgrade>false</replace_on_upgrade>
<sys_created_by>admin</sys_created_by>
<sys_created_on>2015-05-27 13:16:24</sys_created_on>
<sys_id>5629a29d0f180200adc3cf8ce1050e96</sys_id>
<sys_mod_count>0</sys_mod_count>
<sys_updated_by>admin</sys_updated_by>
<sys_updated_on>2015-05-27 13:16:24</sys_updated_on>
<table/>
<target_name>Description</target_name>
<type>Variable</type>
<update_domain>global                          </update_domain>
<update_set display_value=""/>
<view/>
</sys_update_xml>
<sys_update_xml action="INSERT_OR_UPDATE">
<action>INSERT_OR_UPDATE</action>
<application display_value="RightScaleCloudManagement">adee18db0f61f100bad2fc5be1050e29</application>
<category>customer</category>
<comments/>
<name>question_choice_1098a29d0f180200adc3cf8ce1050eb0</name>
<payload><![CDATA[<?xml version="1.0" encoding="UTF-8"?><record_update table="question_choice"><question_choice action="INSERT_OR_UPDATE"><misc>0.00</misc><order>200</order><question display_value="Linux Server Type">0658629d0f180200adc3cf8ce1050eb4</question><rec_misc>0.00</rec_misc><sys_class_name>question_choice</sys_class_name><sys_created_by>admin</sys_created_by><sys_created_on>2015-05-27 13:13:56</sys_created_on><sys_customer_update>true</sys_customer_update><sys_id>1098a29d0f180200adc3cf8ce1050eb0</sys_id><sys_mod_count>0</sys_mod_count><sys_name>Ubuntu</sys_name><sys_package display_value="RightScaleCloudManagement" source="x_ris_rightscale_c">adee18db0f61f100bad2fc5be1050e29</sys_package><sys_policy/><sys_replace_on_upgrade>false</sys_replace_on_upgrade><sys_scope display_value="RightScaleCloudManagement">adee18db0f61f100bad2fc5be1050e29</sys_scope><sys_update_name>question_choice_1098a29d0f180200adc3cf8ce1050eb0</sys_update_name><sys_updated_by>admin</sys_updated_by><sys_updated_on>2015-05-27 13:13:56</sys_updated_on><text>Ubuntu</text><value>Ubuntu</value></question_choice><fx_price action="delete_multiple" query="id=1098a29d0f180200adc3cf8ce1050eb0"/><fx_price action="INSERT_OR_UPDATE"><amount>0</amount><currency display_value="USD">USD</currency><field>misc</field><id>1098a29d0f180200adc3cf8ce1050eb0</id><parent/><reference_amount>0</reference_amount><reference_currency display_value="USD">USD</reference_currency><sys_created_by>admin</sys_created_by><sys_created_on>2015-05-27 13:13:56</sys_created_on><sys_id>0298269d0f180200adc3cf8ce1050e36</sys_id><sys_mod_count>0</sys_mod_count><sys_updated_by>admin</sys_updated_by><sys_updated_on>2015-05-27 13:13:56</sys_updated_on><table>question_choice</table><type>calculated</type></fx_price><fx_price action="INSERT_OR_UPDATE"><amount>0</amount><currency display_value="USD">USD</currency><field>rec_misc</field><id>1098a29d0f180200adc3cf8ce1050eb0</id><parent/><reference_amount>0</reference_amount><reference_currency display_value="USD">USD</reference_currency><sys_created_by>admin</sys_created_by><sys_created_on>2015-05-27 13:13:56</sys_created_on><sys_id>ce98269d0f180200adc3cf8ce1050e35</sys_id><sys_mod_count>0</sys_mod_count><sys_updated_by>admin</sys_updated_by><sys_updated_on>2015-05-27 13:13:56</sys_updated_on><table>question_choice</table><type>calculated</type></fx_price></record_update>]]></payload>
<remote_update_set display_value="CorporateStandardLinux">de29a29d0f180200adc3cf8ce1050e95</remote_update_set>
<replace_on_upgrade>false</replace_on_upgrade>
<sys_created_by>admin</sys_created_by>
<sys_created_on>2015-05-27 13:16:24</sys_created_on>
<sys_id>5a29a29d0f180200adc3cf8ce1050e96</sys_id>
<sys_mod_count>0</sys_mod_count>
<sys_updated_by>admin</sys_updated_by>
<sys_updated_on>2015-05-27 13:16:24</sys_updated_on>
<table/>
<target_name>Ubuntu</target_name>
<type>Question Choice</type>
<update_domain>global                          </update_domain>
<update_set display_value=""/>
<view/>
</sys_update_xml>
<sys_update_xml action="INSERT_OR_UPDATE">
<action>INSERT_OR_UPDATE</action>
<application display_value="RightScaleCloudManagement">adee18db0f61f100bad2fc5be1050e29</application>
<category>customer</category>
<comments/>
<name>question_choice_4b18e29d0f180200adc3cf8ce1050e3d</name>
<payload><![CDATA[<?xml version="1.0" encoding="UTF-8"?><record_update table="question_choice"><question_choice action="INSERT_OR_UPDATE"><misc>0.00</misc><order>200</order><question display_value="Cloud">45f7a29d0f180200adc3cf8ce1050ea8</question><rec_misc>0.00</rec_misc><sys_class_name>question_choice</sys_class_name><sys_created_by>admin</sys_created_by><sys_created_on>2015-05-27 13:11:55</sys_created_on><sys_customer_update>true</sys_customer_update><sys_id>4b18e29d0f180200adc3cf8ce1050e3d</sys_id><sys_mod_count>0</sys_mod_count><sys_name>Azure</sys_name><sys_package display_value="RightScaleCloudManagement" source="x_ris_rightscale_c">adee18db0f61f100bad2fc5be1050e29</sys_package><sys_policy/><sys_replace_on_upgrade>false</sys_replace_on_upgrade><sys_scope display_value="RightScaleCloudManagement">adee18db0f61f100bad2fc5be1050e29</sys_scope><sys_update_name>question_choice_4b18e29d0f180200adc3cf8ce1050e3d</sys_update_name><sys_updated_by>admin</sys_updated_by><sys_updated_on>2015-05-27 13:11:55</sys_updated_on><text>Azure</text><value>Azure</value></question_choice><fx_price action="delete_multiple" query="id=4b18e29d0f180200adc3cf8ce1050e3d"/><fx_price action="INSERT_OR_UPDATE"><amount>0</amount><currency display_value="USD">USD</currency><field>misc</field><id>4b18e29d0f180200adc3cf8ce1050e3d</id><parent/><reference_amount>0</reference_amount><reference_currency display_value="USD">USD</reference_currency><sys_created_by>admin</sys_created_by><sys_created_on>2015-05-27 13:11:55</sys_created_on><sys_id>ac28ae5d0f180200adc3cf8ce1050e52</sys_id><sys_mod_count>0</sys_mod_count><sys_updated_by>admin</sys_updated_by><sys_updated_on>2015-05-27 13:11:55</sys_updated_on><table>question_choice</table><type>calculated</type></fx_price><fx_price action="INSERT_OR_UPDATE"><amount>0</amount><currency display_value="USD">USD</currency><field>rec_misc</field><id>4b18e29d0f180200adc3cf8ce1050e3d</id><parent/><reference_amount>0</reference_amount><reference_currency display_value="USD">USD</reference_currency><sys_created_by>admin</sys_created_by><sys_created_on>2015-05-27 13:11:55</sys_created_on><sys_id>6c28ae5d0f180200adc3cf8ce1050e52</sys_id><sys_mod_count>0</sys_mod_count><sys_updated_by>admin</sys_updated_by><sys_updated_on>2015-05-27 13:11:55</sys_updated_on><table>question_choice</table><type>calculated</type></fx_price></record_update>]]></payload>
<remote_update_set display_value="CorporateStandardLinux">de29a29d0f180200adc3cf8ce1050e95</remote_update_set>
<replace_on_upgrade>false</replace_on_upgrade>
<sys_created_by>admin</sys_created_by>
<sys_created_on>2015-05-27 13:16:24</sys_created_on>
<sys_id>5e29a29d0f180200adc3cf8ce1050e96</sys_id>
<sys_mod_count>0</sys_mod_count>
<sys_updated_by>admin</sys_updated_by>
<sys_updated_on>2015-05-27 13:16:24</sys_updated_on>
<table/>
<target_name>Azure</target_name>
<type>Question Choice</type>
<update_domain>global                          </update_domain>
<update_set display_value=""/>
<view/>
</sys_update_xml>
<sys_update_xml action="INSERT_OR_UPDATE">
<action>INSERT_OR_UPDATE</action>
<application display_value="RightScaleCloudManagement">adee18db0f61f100bad2fc5be1050e29</application>
<category>customer</category>
<comments/>
<name>item_option_new_45f7a29d0f180200adc3cf8ce1050ea8</name>
<payload><![CDATA[<?xml version="1.0" encoding="UTF-8"?><record_update table="item_option_new"><item_option_new action="INSERT_OR_UPDATE"><active>true</active><attributes/><cat_item display_value="Corporate Standard Linux">f5d76e5d0f180200adc3cf8ce1050e63</cat_item><category/><choice_direction>down</choice_direction><choice_field/><choice_table/><create_roles/><default_html_value/><default_value>AWS</default_value><delete_roles/><delivery_plan/><description/><display_title>false</display_title><do_not_select_first>false</do_not_select_first><dynamic_default_value/><dynamic_ref_qual/><field/><global>false</global><help_tag>More information</help_tag><help_text/><include_none>false</include_none><layout>normal</layout><list_table/><lookup_label/><lookup_price/><lookup_table/><lookup_unique>false</lookup_unique><lookup_value/><macro/><mandatory>false</mandatory><map_to_field>false</map_to_field><mask_use_confirmation>false</mask_use_confirmation><mask_use_encryption>false</mask_use_encryption><name>param_location</name><order>22</order><price_if_checked>0</price_if_checked><pricing_implications>false</pricing_implications><question_text>Cloud</question_text><read_roles/><rec_lookup_price/><rec_price_if_checked>0</rec_price_if_checked><record/><record_producer_table/><reference/><reference_qual/><reference_qual_condition/><scale_max>5</scale_max><scale_min>0</scale_min><show_help>false</show_help><summary_macro/><sys_class_name>item_option_new</sys_class_name><sys_created_by>admin</sys_created_by><sys_created_on>2015-05-27 13:11:26</sys_created_on><sys_customer_update>true</sys_customer_update><sys_id>45f7a29d0f180200adc3cf8ce1050ea8</sys_id><sys_mod_count>1</sys_mod_count><sys_name>Cloud</sys_name><sys_package display_value="RightScaleCloudManagement" source="x_ris_rightscale_c">adee18db0f61f100bad2fc5be1050e29</sys_package><sys_policy/><sys_replace_on_upgrade>false</sys_replace_on_upgrade><sys_scope display_value="RightScaleCloudManagement">adee18db0f61f100bad2fc5be1050e29</sys_scope><sys_update_name>item_option_new_45f7a29d0f180200adc3cf8ce1050ea8</sys_update_name><sys_updated_by>admin</sys_updated_by><sys_updated_on>2015-05-27 13:12:35</sys_updated_on><table/><type>5</type><ui_page/><use_dynamic_default>false</use_dynamic_default><use_reference_qualifier>simple</use_reference_qualifier><variable_name/><variable_set/><visibility>1</visibility><visible_bundle>true</visible_bundle><visible_guide>true</visible_guide><visible_standalone>true</visible_standalone><visible_summary>true</visible_summary><write_roles/></item_option_new><sys_translated_text action="delete_multiple" query="documentkey=45f7a29d0f180200adc3cf8ce1050ea8"/></record_update>]]></payload>
<remote_update_set display_value="CorporateStandardLinux">de29a29d0f180200adc3cf8ce1050e95</remote_update_set>
<replace_on_upgrade>false</replace_on_upgrade>
<sys_created_by>admin</sys_created_by>
<sys_created_on>2015-05-27 13:16:24</sys_created_on>
<sys_id>9229a29d0f180200adc3cf8ce1050e96</sys_id>
<sys_mod_count>0</sys_mod_count>
<sys_updated_by>admin</sys_updated_by>
<sys_updated_on>2015-05-27 13:16:24</sys_updated_on>
<table/>
<target_name>Cloud</target_name>
<type>Variable</type>
<update_domain>global</update_domain>
<update_set display_value=""/>
<view/>
</sys_update_xml>
<sys_update_xml action="INSERT_OR_UPDATE">
<action>INSERT_OR_UPDATE</action>
<application display_value="RightScaleCloudManagement">adee18db0f61f100bad2fc5be1050e29</application>
<category>customer</category>
<comments/>
<name>sc_cat_item_catalog_71d76e5d0f180200adc3cf8ce1050e64</name>
<payload><![CDATA[<?xml version="1.0" encoding="UTF-8"?><record_update table="sc_cat_item_catalog"><sc_cat_item_catalog action="INSERT_OR_UPDATE"><sc_cat_item display_value="Copy of Launch Application">f5d76e5d0f180200adc3cf8ce1050e63</sc_cat_item><sc_catalog display_value="Service Catalog">e0d08b13c3330100c8b837659bba8fb4</sc_catalog><sys_class_name>sc_cat_item_catalog</sys_class_name><sys_created_by>admin</sys_created_by><sys_created_on>2015-05-27 13:10:38</sys_created_on><sys_customer_update>true</sys_customer_update><sys_id>71d76e5d0f180200adc3cf8ce1050e64</sys_id><sys_mod_count>0</sys_mod_count><sys_name>Service Catalog.Copy of Launch Application</sys_name><sys_package display_value="RightScaleCloudManagement" source="x_ris_rightscale_c">adee18db0f61f100bad2fc5be1050e29</sys_package><sys_policy/><sys_replace_on_upgrade>false</sys_replace_on_upgrade><sys_scope display_value="RightScaleCloudManagement">adee18db0f61f100bad2fc5be1050e29</sys_scope><sys_update_name>sc_cat_item_catalog_71d76e5d0f180200adc3cf8ce1050e64</sys_update_name><sys_updated_by>admin</sys_updated_by><sys_updated_on>2015-05-27 13:10:38</sys_updated_on></sc_cat_item_catalog></record_update>]]></payload>
<remote_update_set display_value="CorporateStandardLinux">de29a29d0f180200adc3cf8ce1050e95</remote_update_set>
<replace_on_upgrade>false</replace_on_upgrade>
<sys_created_by>admin</sys_created_by>
<sys_created_on>2015-05-27 13:16:24</sys_created_on>
<sys_id>9229a29d0f180200adc3cf8ce1050e97</sys_id>
<sys_mod_count>0</sys_mod_count>
<sys_updated_by>admin</sys_updated_by>
<sys_updated_on>2015-05-27 13:16:24</sys_updated_on>
<table/>
<target_name>Service Catalog.Copy of Launch Application</target_name>
<type>Catalog Items Catalog</type>
<update_domain>global                          </update_domain>
<update_set display_value=""/>
<view/>
</sys_update_xml>
<sys_update_xml action="INSERT_OR_UPDATE">
<action>INSERT_OR_UPDATE</action>
<application display_value="RightScaleCloudManagement">adee18db0f61f100bad2fc5be1050e29</application>
<category>customer</category>
<comments/>
<name>item_option_new_f5d76e5d0f180200adc3cf8ce1050e66</name>
<payload><![CDATA[<?xml version="1.0" encoding="UTF-8"?><record_update table="item_option_new"><item_option_new action="INSERT_OR_UPDATE"><active>true</active><attributes/><cat_item display_value="Copy of Launch Application">f5d76e5d0f180200adc3cf8ce1050e63</cat_item><category/><choice_direction>down</choice_direction><choice_field/><choice_table/><create_roles/><default_html_value/><default_value/><delete_roles/><delivery_plan/><description/><display_title>false</display_title><do_not_select_first>false</do_not_select_first><dynamic_default_value/><dynamic_ref_qual/><field/><global>false</global><help_tag>More information</help_tag><help_text/><include_none>false</include_none><layout>normal</layout><list_table/><lookup_label/><lookup_price/><lookup_table/><lookup_unique>false</lookup_unique><lookup_value/><macro/><mandatory>false</mandatory><map_to_field>false</map_to_field><mask_use_confirmation>false</mask_use_confirmation><mask_use_encryption>false</mask_use_encryption><name>u_application</name><order>5</order><price_if_checked>0</price_if_checked><pricing_implications>false</pricing_implications><question_text>Application</question_text><read_roles/><rec_lookup_price/><rec_price_if_checked>0</rec_price_if_checked><record/><record_producer_table/><reference>x_ris_rightscale_c_applications</reference><reference_qual/><reference_qual_condition/><scale_max>5</scale_max><scale_min>0</scale_min><show_help>false</show_help><summary_macro/><sys_class_name>item_option_new</sys_class_name><sys_created_by>admin</sys_created_by><sys_created_on>2015-05-27 13:10:38</sys_created_on><sys_customer_update>true</sys_customer_update><sys_id>f5d76e5d0f180200adc3cf8ce1050e66</sys_id><sys_mod_count>0</sys_mod_count><sys_name>Application</sys_name><sys_package display_value="RightScaleCloudManagement" source="x_ris_rightscale_c">adee18db0f61f100bad2fc5be1050e29</sys_package><sys_policy/><sys_replace_on_upgrade>false</sys_replace_on_upgrade><sys_scope display_value="RightScaleCloudManagement">adee18db0f61f100bad2fc5be1050e29</sys_scope><sys_update_name>item_option_new_f0744a094fd771001816e321a310c7ee</sys_update_name><sys_updated_by>admin</sys_updated_by><sys_updated_on>2015-05-27 13:10:38</sys_updated_on><table/><type>8</type><ui_page/><use_dynamic_default>false</use_dynamic_default><use_reference_qualifier>simple</use_reference_qualifier><variable_name/><variable_set/><visibility>1</visibility><visible_bundle>true</visible_bundle><visible_guide>true</visible_guide><visible_standalone>true</visible_standalone><visible_summary>true</visible_summary><write_roles/></item_option_new><sys_translated_text action="delete_multiple" query="documentkey=f5d76e5d0f180200adc3cf8ce1050e66"/></record_update>]]></payload>
<remote_update_set display_value="CorporateStandardLinux">de29a29d0f180200adc3cf8ce1050e95</remote_update_set>
<replace_on_upgrade>false</replace_on_upgrade>
<sys_created_by>admin</sys_created_by>
<sys_created_on>2015-05-27 13:16:24</sys_created_on>
<sys_id>9629a29d0f180200adc3cf8ce1050e96</sys_id>
<sys_mod_count>0</sys_mod_count>
<sys_updated_by>admin</sys_updated_by>
<sys_updated_on>2015-05-27 13:16:24</sys_updated_on>
<table/>
<target_name>Application</target_name>
<type>Variable</type>
<update_domain>global                          </update_domain>
<update_set display_value=""/>
<view/>
</sys_update_xml>
<sys_update_xml action="INSERT_OR_UPDATE">
<action>INSERT_OR_UPDATE</action>
<application display_value="RightScaleCloudManagement">adee18db0f61f100bad2fc5be1050e29</application>
<category>customer</category>
<comments/>
<name>question_choice_31d76e5d0f180200adc3cf8ce1050e67</name>
<payload><![CDATA[<?xml version="1.0" encoding="UTF-8"?><record_update table="question_choice"><question_choice action="INSERT_OR_UPDATE"><misc>0</misc><order>100</order><question display_value="Schedule name">3dd76e5d0f180200adc3cf8ce1050e64</question><rec_misc>0</rec_misc><sys_class_name>question_choice</sys_class_name><sys_created_by>admin</sys_created_by><sys_created_on>2015-05-27 13:10:39</sys_created_on><sys_customer_update>true</sys_customer_update><sys_id>31d76e5d0f180200adc3cf8ce1050e67</sys_id><sys_mod_count>0</sys_mod_count><sys_name>Always On</sys_name><sys_package display_value="RightScaleCloudManagement" source="x_ris_rightscale_c">adee18db0f61f100bad2fc5be1050e29</sys_package><sys_policy/><sys_replace_on_upgrade>false</sys_replace_on_upgrade><sys_scope display_value="RightScaleCloudManagement">adee18db0f61f100bad2fc5be1050e29</sys_scope><sys_update_name>question_choice_31d76e5d0f180200adc3cf8ce1050e67</sys_update_name><sys_updated_by>admin</sys_updated_by><sys_updated_on>2015-05-27 13:10:39</sys_updated_on><text>Always On</text><value> </value></question_choice><fx_price action="delete_multiple" query="id=31d76e5d0f180200adc3cf8ce1050e67"/><fx_price action="INSERT_OR_UPDATE"><amount>0</amount><currency display_value="USD">USD</currency><field>misc</field><id>31d76e5d0f180200adc3cf8ce1050e67</id><parent/><reference_amount>0</reference_amount><reference_currency display_value="USD">USD</reference_currency><sys_created_by>admin</sys_created_by><sys_created_on>2015-05-27 13:10:39</sys_created_on><sys_id>35d76e5d0f180200adc3cf8ce1050e67</sys_id><sys_mod_count>0</sys_mod_count><sys_updated_by>admin</sys_updated_by><sys_updated_on>2015-05-27 13:10:39</sys_updated_on><table>question_choice</table><type>calculated</type></fx_price><fx_price action="INSERT_OR_UPDATE"><amount>0</amount><currency display_value="USD">USD</currency><field>rec_misc</field><id>31d76e5d0f180200adc3cf8ce1050e67</id><parent/><reference_amount>0</reference_amount><reference_currency display_value="USD">USD</reference_currency><sys_created_by>admin</sys_created_by><sys_created_on>2015-05-27 13:10:39</sys_created_on><sys_id>f1d76e5d0f180200adc3cf8ce1050e67</sys_id><sys_mod_count>0</sys_mod_count><sys_updated_by>admin</sys_updated_by><sys_updated_on>2015-05-27 13:10:39</sys_updated_on><table>question_choice</table><type>calculated</type></fx_price></record_update>]]></payload>
<remote_update_set display_value="CorporateStandardLinux">de29a29d0f180200adc3cf8ce1050e95</remote_update_set>
<replace_on_upgrade>false</replace_on_upgrade>
<sys_created_by>admin</sys_created_by>
<sys_created_on>2015-05-27 13:16:24</sys_created_on>
<sys_id>9a29a29d0f180200adc3cf8ce1050e96</sys_id>
<sys_mod_count>0</sys_mod_count>
<sys_updated_by>admin</sys_updated_by>
<sys_updated_on>2015-05-27 13:16:24</sys_updated_on>
<table/>
<target_name>Always On</target_name>
<type>Question Choice</type>
<update_domain>global                          </update_domain>
<update_set display_value=""/>
<view/>
</sys_update_xml>
<sys_update_xml action="INSERT_OR_UPDATE">
<action>INSERT_OR_UPDATE</action>
<application display_value="RightScaleCloudManagement">adee18db0f61f100bad2fc5be1050e29</application>
<category>customer</category>
<comments/>
<name>question_choice_cd38665d0f180200adc3cf8ce1050e83</name>
<payload><![CDATA[<?xml version="1.0" encoding="UTF-8"?><record_update table="question_choice"><question_choice action="INSERT_OR_UPDATE"><misc>0.00</misc><order>400</order><question display_value="Cloud">45f7a29d0f180200adc3cf8ce1050ea8</question><rec_misc>0.00</rec_misc><sys_class_name>question_choice</sys_class_name><sys_created_by>admin</sys_created_by><sys_created_on>2015-05-27 13:12:21</sys_created_on><sys_customer_update>true</sys_customer_update><sys_id>cd38665d0f180200adc3cf8ce1050e83</sys_id><sys_mod_count>0</sys_mod_count><sys_name>VMware</sys_name><sys_package display_value="RightScaleCloudManagement" source="x_ris_rightscale_c">adee18db0f61f100bad2fc5be1050e29</sys_package><sys_policy/><sys_replace_on_upgrade>false</sys_replace_on_upgrade><sys_scope display_value="RightScaleCloudManagement">adee18db0f61f100bad2fc5be1050e29</sys_scope><sys_update_name>question_choice_cd38665d0f180200adc3cf8ce1050e83</sys_update_name><sys_updated_by>admin</sys_updated_by><sys_updated_on>2015-05-27 13:12:21</sys_updated_on><text>VMware</text><value>VMware</value></question_choice><fx_price action="delete_multiple" query="id=cd38665d0f180200adc3cf8ce1050e83"/><fx_price action="INSERT_OR_UPDATE"><amount>0</amount><currency display_value="USD">USD</currency><field>misc</field><id>cd38665d0f180200adc3cf8ce1050e83</id><parent/><reference_amount>0</reference_amount><reference_currency display_value="USD">USD</reference_currency><sys_created_by>admin</sys_created_by><sys_created_on>2015-05-27 13:12:21</sys_created_on><sys_id>7238e29d0f180200adc3cf8ce1050e63</sys_id><sys_mod_count>0</sys_mod_count><sys_updated_by>admin</sys_updated_by><sys_updated_on>2015-05-27 13:12:21</sys_updated_on><table>question_choice</table><type>calculated</type></fx_price><fx_price action="INSERT_OR_UPDATE"><amount>0</amount><currency display_value="USD">USD</currency><field>rec_misc</field><id>cd38665d0f180200adc3cf8ce1050e83</id><parent/><reference_amount>0</reference_amount><reference_currency display_value="USD">USD</reference_currency><sys_created_by>admin</sys_created_by><sys_created_on>2015-05-27 13:12:21</sys_created_on><sys_id>3238e29d0f180200adc3cf8ce1050e63</sys_id><sys_mod_count>0</sys_mod_count><sys_updated_by>admin</sys_updated_by><sys_updated_on>2015-05-27 13:12:21</sys_updated_on><table>question_choice</table><type>calculated</type></fx_price></record_update>]]></payload>
<remote_update_set display_value="CorporateStandardLinux">de29a29d0f180200adc3cf8ce1050e95</remote_update_set>
<replace_on_upgrade>false</replace_on_upgrade>
<sys_created_by>admin</sys_created_by>
<sys_created_on>2015-05-27 13:16:24</sys_created_on>
<sys_id>9e29a29d0f180200adc3cf8ce1050e96</sys_id>
<sys_mod_count>0</sys_mod_count>
<sys_updated_by>admin</sys_updated_by>
<sys_updated_on>2015-05-27 13:16:24</sys_updated_on>
<table/>
<target_name>VMware</target_name>
<type>Question Choice</type>
<update_domain>global                          </update_domain>
<update_set display_value=""/>
<view/>
</sys_update_xml>
<sys_update_xml action="INSERT_OR_UPDATE">
<action>INSERT_OR_UPDATE</action>
<application display_value="RightScaleCloudManagement">adee18db0f61f100bad2fc5be1050e29</application>
<category>customer</category>
<comments/>
<name>item_option_new_75d76e5d0f180200adc3cf8ce1050e65</name>
<payload><![CDATA[<?xml version="1.0" encoding="UTF-8"?><record_update table="item_option_new"><item_option_new action="INSERT_OR_UPDATE"><active>true</active><attributes/><cat_item display_value="Copy of Launch Application">f5d76e5d0f180200adc3cf8ce1050e63</cat_item><category/><choice_direction>down</choice_direction><choice_field/><choice_table/><create_roles/><default_html_value/><default_value/><delete_roles/><delivery_plan/><description/><display_title>false</display_title><do_not_select_first>false</do_not_select_first><dynamic_default_value/><dynamic_ref_qual/><field/><global>false</global><help_tag>More information</help_tag><help_text/><include_none>false</include_none><layout>normal</layout><list_table/><lookup_label/><lookup_price/><lookup_table/><lookup_unique>false</lookup_unique><lookup_value/><macro/><mandatory>false</mandatory><map_to_field>false</map_to_field><mask_use_confirmation>false</mask_use_confirmation><mask_use_encryption>false</mask_use_encryption><name>u_name</name><order>10</order><price_if_checked>0</price_if_checked><pricing_implications>false</pricing_implications><question_text>Name</question_text><read_roles/><rec_lookup_price/><rec_price_if_checked>0</rec_price_if_checked><record/><record_producer_table/><reference/><reference_qual/><reference_qual_condition/><scale_max>5</scale_max><scale_min>0</scale_min><show_help>false</show_help><summary_macro/><sys_class_name>item_option_new</sys_class_name><sys_created_by>admin</sys_created_by><sys_created_on>2015-05-27 13:10:38</sys_created_on><sys_customer_update>true</sys_customer_update><sys_id>75d76e5d0f180200adc3cf8ce1050e65</sys_id><sys_mod_count>0</sys_mod_count><sys_name>Name</sys_name><sys_package display_value="RightScaleCloudManagement" source="x_ris_rightscale_c">adee18db0f61f100bad2fc5be1050e29</sys_package><sys_policy/><sys_replace_on_upgrade>false</sys_replace_on_upgrade><sys_scope display_value="RightScaleCloudManagement">adee18db0f61f100bad2fc5be1050e29</sys_scope><sys_update_name>item_option_new_431502094fd771001816e321a310c7f8</sys_update_name><sys_updated_by>admin</sys_updated_by><sys_updated_on>2015-05-27 13:10:38</sys_updated_on><table/><type>6</type><ui_page/><use_dynamic_default>false</use_dynamic_default><use_reference_qualifier>simple</use_reference_qualifier><variable_name/><variable_set/><visibility>1</visibility><visible_bundle>true</visible_bundle><visible_guide>true</visible_guide><visible_standalone>true</visible_standalone><visible_summary>true</visible_summary><write_roles/></item_option_new><sys_translated_text action="delete_multiple" query="documentkey=75d76e5d0f180200adc3cf8ce1050e65"/></record_update>]]></payload>
<remote_update_set display_value="CorporateStandardLinux">de29a29d0f180200adc3cf8ce1050e95</remote_update_set>
<replace_on_upgrade>false</replace_on_upgrade>
<sys_created_by>admin</sys_created_by>
<sys_created_on>2015-05-27 13:16:24</sys_created_on>
<sys_id>d229a29d0f180200adc3cf8ce1050e96</sys_id>
<sys_mod_count>0</sys_mod_count>
<sys_updated_by>admin</sys_updated_by>
<sys_updated_on>2015-05-27 13:16:24</sys_updated_on>
<table/>
<target_name>Name</target_name>
<type>Variable</type>
<update_domain>global                          </update_domain>
<update_set display_value=""/>
<view/>
</sys_update_xml>
<sys_update_xml action="INSERT_OR_UPDATE">
<action>INSERT_OR_UPDATE</action>
<application display_value="RightScaleCloudManagement">adee18db0f61f100bad2fc5be1050e29</application>
<category>customer</category>
<comments/>
<name>sc_cat_item_f5d76e5d0f180200adc3cf8ce1050e63</name>
<payload><![CDATA[<?xml version="1.0" encoding="UTF-8"?><record_update table="sc_cat_item"><sc_cat_item action="INSERT_OR_UPDATE"><active>true</active><availability>on_desktop</availability><billable>false</billable><category/><cost>0</cost><custom_cart/><delivery_plan/><delivery_plan_script/><delivery_time>1970-01-03 00:00:00</delivery_time><description/><entitlement_script/><group/><icon/><ignore_price>true</ignore_price><image/><list_price>0</list_price><location/><meta/><mobile_hide_price>false</mobile_hide_price><mobile_picture/><mobile_picture_type>use_desktop_picture</mobile_picture_type><model/><name>Corporate Standard Linux</name><no_cart>false</no_cart><no_order>false</no_order><no_order_now>false</no_order_now><no_proceed_checkout>false</no_proceed_checkout><no_quantity>false</no_quantity><no_search>false</no_search><omit_price>false</omit_price><order>0</order><ordered_item_link/><picture/><preview>JavaScript: popupOpenStandard("./com.glideapp.servicecatalog_cat_item_view.do?v=1&amp;sysparm_id=f5d76e5d0f180200adc3cf8ce1050e63&amp;sysparm_preview=true", "summary");</preview><price>0.00</price><recurring_frequency/><recurring_price>0.00</recurring_price><roles/><sc_catalogs>e0d08b13c3330100c8b837659bba8fb4</sc_catalogs><sc_ic_item_staging/><sc_ic_version/><short_description/><start_closed>false</start_closed><sys_class_name>sc_cat_item</sys_class_name><sys_created_by>admin</sys_created_by><sys_created_on>2015-05-27 13:10:38</sys_created_on><sys_customer_update>true</sys_customer_update><sys_id>f5d76e5d0f180200adc3cf8ce1050e63</sys_id><sys_mod_count>1</sys_mod_count><sys_name>Corporate Standard Linux</sys_name><sys_package display_value="RightScaleCloudManagement" source="x_ris_rightscale_c">adee18db0f61f100bad2fc5be1050e29</sys_package><sys_policy/><sys_replace_on_upgrade>false</sys_replace_on_upgrade><sys_scope display_value="RightScaleCloudManagement">adee18db0f61f100bad2fc5be1050e29</sys_scope><sys_update_name>sc_cat_item_f5d76e5d0f180200adc3cf8ce1050e63</sys_update_name><sys_updated_by>admin</sys_updated_by><sys_updated_on>2015-05-27 13:10:50</sys_updated_on><template/><type>item</type><use_sc_layout>true</use_sc_layout><vendor/><visible_bundle>true</visible_bundle><visible_guide>true</visible_guide><visible_standalone>true</visible_standalone><workflow display_value="Self-Service Launch Application">74ee3c2a0f96b500bad2fc5be1050eb4</workflow></sc_cat_item><sys_translated_text action="delete_multiple" query="documentkey=f5d76e5d0f180200adc3cf8ce1050e63"/><fx_price action="delete_multiple" query="id=f5d76e5d0f180200adc3cf8ce1050e63"/><fx_price action="INSERT_OR_UPDATE"><amount>0</amount><currency display_value="USD">USD</currency><field>price</field><id>f5d76e5d0f180200adc3cf8ce1050e63</id><parent/><reference_amount>0</reference_amount><reference_currency display_value="USD">USD</reference_currency><sys_created_by>admin</sys_created_by><sys_created_on>2015-05-27 13:10:38</sys_created_on><sys_id>b9d76e5d0f180200adc3cf8ce1050e63</sys_id><sys_mod_count>0</sys_mod_count><sys_updated_by>admin</sys_updated_by><sys_updated_on>2015-05-27 13:10:38</sys_updated_on><table>sc_cat_item</table><type>calculated</type></fx_price><fx_price action="INSERT_OR_UPDATE"><amount>0</amount><currency display_value="USD">USD</currency><field>recurring_price</field><id>f5d76e5d0f180200adc3cf8ce1050e63</id><parent/><reference_amount>0</reference_amount><reference_currency display_value="USD">USD</reference_currency><sys_created_by>admin</sys_created_by><sys_created_on>2015-05-27 13:10:38</sys_created_on><sys_id>3dd76e5d0f180200adc3cf8ce1050e63</sys_id><sys_mod_count>0</sys_mod_count><sys_updated_by>admin</sys_updated_by><sys_updated_on>2015-05-27 13:10:38</sys_updated_on><table>sc_cat_item</table><type>calculated</type></fx_price></record_update>]]></payload>
<remote_update_set display_value="CorporateStandardLinux">de29a29d0f180200adc3cf8ce1050e95</remote_update_set>
<replace_on_upgrade>false</replace_on_upgrade>
<sys_created_by>admin</sys_created_by>
<sys_created_on>2015-05-27 13:16:24</sys_created_on>
<sys_id>d229a29d0f180200adc3cf8ce1050e97</sys_id>
<sys_mod_count>0</sys_mod_count>
<sys_updated_by>admin</sys_updated_by>
<sys_updated_on>2015-05-27 13:16:24</sys_updated_on>
<table/>
<target_name>Corporate Standard Linux</target_name>
<type>Catalog Item</type>
<update_domain>global</update_domain>
<update_set display_value=""/>
<view/>
</sys_update_xml>
<sys_update_xml action="INSERT_OR_UPDATE">
<action>INSERT_OR_UPDATE</action>
<application display_value="RightScaleCloudManagement">adee18db0f61f100bad2fc5be1050e29</application>
<category>customer</category>
<comments/>
<name>question_choice_0ad8269d0f180200adc3cf8ce1050e99</name>
<payload><![CDATA[<?xml version="1.0" encoding="UTF-8"?><record_update table="question_choice"><question_choice action="INSERT_OR_UPDATE"><misc>0.00</misc><order>100</order><question display_value="Server Performance Level">a3a8229d0f180200adc3cf8ce1050e40</question><rec_misc>0.00</rec_misc><sys_class_name>question_choice</sys_class_name><sys_created_by>admin</sys_created_by><sys_created_on>2015-05-27 13:15:06</sys_created_on><sys_customer_update>true</sys_customer_update><sys_id>0ad8269d0f180200adc3cf8ce1050e99</sys_id><sys_mod_count>0</sys_mod_count><sys_name>standard performance</sys_name><sys_package display_value="RightScaleCloudManagement" source="x_ris_rightscale_c">adee18db0f61f100bad2fc5be1050e29</sys_package><sys_policy/><sys_replace_on_upgrade>false</sys_replace_on_upgrade><sys_scope display_value="RightScaleCloudManagement">adee18db0f61f100bad2fc5be1050e29</sys_scope><sys_update_name>question_choice_0ad8269d0f180200adc3cf8ce1050e99</sys_update_name><sys_updated_by>admin</sys_updated_by><sys_updated_on>2015-05-27 13:15:06</sys_updated_on><text>standard performance</text><value>standard performance</value></question_choice><fx_price action="delete_multiple" query="id=0ad8269d0f180200adc3cf8ce1050e99"/><fx_price action="INSERT_OR_UPDATE"><amount>0</amount><currency display_value="USD">USD</currency><field>misc</field><id>0ad8269d0f180200adc3cf8ce1050e99</id><parent/><reference_amount>0</reference_amount><reference_currency display_value="USD">USD</reference_currency><sys_created_by>admin</sys_created_by><sys_created_on>2015-05-27 13:15:06</sys_created_on><sys_id>9fd8269d0f180200adc3cf8ce1050eb1</sys_id><sys_mod_count>0</sys_mod_count><sys_updated_by>admin</sys_updated_by><sys_updated_on>2015-05-27 13:15:06</sys_updated_on><table>question_choice</table><type>calculated</type></fx_price><fx_price action="INSERT_OR_UPDATE"><amount>0</amount><currency display_value="USD">USD</currency><field>rec_misc</field><id>0ad8269d0f180200adc3cf8ce1050e99</id><parent/><reference_amount>0</reference_amount><reference_currency display_value="USD">USD</reference_currency><sys_created_by>admin</sys_created_by><sys_created_on>2015-05-27 13:15:06</sys_created_on><sys_id>5fd8269d0f180200adc3cf8ce1050eb1</sys_id><sys_mod_count>0</sys_mod_count><sys_updated_by>admin</sys_updated_by><sys_updated_on>2015-05-27 13:15:06</sys_updated_on><table>question_choice</table><type>calculated</type></fx_price></record_update>]]></payload>
<remote_update_set display_value="CorporateStandardLinux">de29a29d0f180200adc3cf8ce1050e95</remote_update_set>
<replace_on_upgrade>false</replace_on_upgrade>
<sys_created_by>admin</sys_created_by>
<sys_created_on>2015-05-27 13:16:24</sys_created_on>
<sys_id>d629a29d0f180200adc3cf8ce1050e96</sys_id>
<sys_mod_count>0</sys_mod_count>
<sys_updated_by>admin</sys_updated_by>
<sys_updated_on>2015-05-27 13:16:24</sys_updated_on>
<table/>
<target_name>standard performance</target_name>
<type>Question Choice</type>
<update_domain>global                          </update_domain>
<update_set display_value=""/>
<view/>
</sys_update_xml>
<sys_update_xml action="INSERT_OR_UPDATE">
<action>INSERT_OR_UPDATE</action>
<application display_value="RightScaleCloudManagement">adee18db0f61f100bad2fc5be1050e29</application>
<category>customer</category>
<comments/>
<name>question_choice_35286e1d0f180200adc3cf8ce1050e78</name>
<payload><![CDATA[<?xml version="1.0" encoding="UTF-8"?><record_update table="question_choice"><question_choice action="INSERT_OR_UPDATE"><misc>0.00</misc><order>300</order><question display_value="Cloud">45f7a29d0f180200adc3cf8ce1050ea8</question><rec_misc>0.00</rec_misc><sys_class_name>question_choice</sys_class_name><sys_created_by>admin</sys_created_by><sys_created_on>2015-05-27 13:12:09</sys_created_on><sys_customer_update>true</sys_customer_update><sys_id>35286e1d0f180200adc3cf8ce1050e78</sys_id><sys_mod_count>0</sys_mod_count><sys_name>Google</sys_name><sys_package display_value="RightScaleCloudManagement" source="x_ris_rightscale_c">adee18db0f61f100bad2fc5be1050e29</sys_package><sys_policy/><sys_replace_on_upgrade>false</sys_replace_on_upgrade><sys_scope display_value="RightScaleCloudManagement">adee18db0f61f100bad2fc5be1050e29</sys_scope><sys_update_name>question_choice_35286e1d0f180200adc3cf8ce1050e78</sys_update_name><sys_updated_by>admin</sys_updated_by><sys_updated_on>2015-05-27 13:12:09</sys_updated_on><text>Google</text><value>Google</value></question_choice><fx_price action="delete_multiple" query="id=35286e1d0f180200adc3cf8ce1050e78"/><fx_price action="INSERT_OR_UPDATE"><amount>0</amount><currency display_value="USD">USD</currency><field>misc</field><id>35286e1d0f180200adc3cf8ce1050e78</id><parent/><reference_amount>0</reference_amount><reference_currency display_value="USD">USD</reference_currency><sys_created_by>admin</sys_created_by><sys_created_on>2015-05-27 13:12:09</sys_created_on><sys_id>0438a29d0f180200adc3cf8ce1050eae</sys_id><sys_mod_count>0</sys_mod_count><sys_updated_by>admin</sys_updated_by><sys_updated_on>2015-05-27 13:12:09</sys_updated_on><table>question_choice</table><type>calculated</type></fx_price><fx_price action="INSERT_OR_UPDATE"><amount>0</amount><currency display_value="USD">USD</currency><field>rec_misc</field><id>35286e1d0f180200adc3cf8ce1050e78</id><parent/><reference_amount>0</reference_amount><reference_currency display_value="USD">USD</reference_currency><sys_created_by>admin</sys_created_by><sys_created_on>2015-05-27 13:12:09</sys_created_on><sys_id>c038a29d0f180200adc3cf8ce1050eae</sys_id><sys_mod_count>0</sys_mod_count><sys_updated_by>admin</sys_updated_by><sys_updated_on>2015-05-27 13:12:09</sys_updated_on><table>question_choice</table><type>calculated</type></fx_price></record_update>]]></payload>
<remote_update_set display_value="CorporateStandardLinux">de29a29d0f180200adc3cf8ce1050e95</remote_update_set>
<replace_on_upgrade>false</replace_on_upgrade>
<sys_created_by>admin</sys_created_by>
<sys_created_on>2015-05-27 13:16:24</sys_created_on>
<sys_id>da29a29d0f180200adc3cf8ce1050e96</sys_id>
<sys_mod_count>0</sys_mod_count>
<sys_updated_by>admin</sys_updated_by>
<sys_updated_on>2015-05-27 13:16:24</sys_updated_on>
<table/>
<target_name>Google</target_name>
<type>Question Choice</type>
<update_domain>global                          </update_domain>
<update_set display_value=""/>
<view/>
</sys_update_xml>
<sys_update_xml action="INSERT_OR_UPDATE">
<action>INSERT_OR_UPDATE</action>
<application display_value="RightScaleCloudManagement">adee18db0f61f100bad2fc5be1050e29</application>
<category>customer</category>
<comments/>
<name>question_choice_d818a29d0f180200adc3cf8ce1050ea9</name>
<payload><![CDATA[<?xml version="1.0" encoding="UTF-8"?><record_update table="question_choice"><question_choice action="INSERT_OR_UPDATE"><misc>0.00</misc><order>100</order><question display_value="Cloud">45f7a29d0f180200adc3cf8ce1050ea8</question><rec_misc>0.00</rec_misc><sys_class_name>question_choice</sys_class_name><sys_created_by>admin</sys_created_by><sys_created_on>2015-05-27 13:11:44</sys_created_on><sys_customer_update>true</sys_customer_update><sys_id>d818a29d0f180200adc3cf8ce1050ea9</sys_id><sys_mod_count>0</sys_mod_count><sys_name>AWS</sys_name><sys_package display_value="RightScaleCloudManagement" source="x_ris_rightscale_c">adee18db0f61f100bad2fc5be1050e29</sys_package><sys_policy/><sys_replace_on_upgrade>false</sys_replace_on_upgrade><sys_scope display_value="RightScaleCloudManagement">adee18db0f61f100bad2fc5be1050e29</sys_scope><sys_update_name>question_choice_d818a29d0f180200adc3cf8ce1050ea9</sys_update_name><sys_updated_by>admin</sys_updated_by><sys_updated_on>2015-05-27 13:11:44</sys_updated_on><text>AWS</text><value>AWS</value></question_choice><fx_price action="delete_multiple" query="id=d818a29d0f180200adc3cf8ce1050ea9"/><fx_price action="INSERT_OR_UPDATE"><amount>0</amount><currency display_value="USD">USD</currency><field>misc</field><id>d818a29d0f180200adc3cf8ce1050ea9</id><parent/><reference_amount>0</reference_amount><reference_currency display_value="USD">USD</reference_currency><sys_created_by>admin</sys_created_by><sys_created_on>2015-05-27 13:11:44</sys_created_on><sys_id>fd18e29d0f180200adc3cf8ce1050e3c</sys_id><sys_mod_count>0</sys_mod_count><sys_updated_by>admin</sys_updated_by><sys_updated_on>2015-05-27 13:11:44</sys_updated_on><table>question_choice</table><type>calculated</type></fx_price><fx_price action="INSERT_OR_UPDATE"><amount>0</amount><currency display_value="USD">USD</currency><field>rec_misc</field><id>d818a29d0f180200adc3cf8ce1050ea9</id><parent/><reference_amount>0</reference_amount><reference_currency display_value="USD">USD</reference_currency><sys_created_by>admin</sys_created_by><sys_created_on>2015-05-27 13:11:44</sys_created_on><sys_id>bd18e29d0f180200adc3cf8ce1050e3c</sys_id><sys_mod_count>0</sys_mod_count><sys_updated_by>admin</sys_updated_by><sys_updated_on>2015-05-27 13:11:44</sys_updated_on><table>question_choice</table><type>calculated</type></fx_price></record_update>]]></payload>
<remote_update_set display_value="CorporateStandardLinux">de29a29d0f180200adc3cf8ce1050e95</remote_update_set>
<replace_on_upgrade>false</replace_on_upgrade>
<sys_created_by>admin</sys_created_by>
<sys_created_on>2015-05-27 13:16:24</sys_created_on>
<sys_id>de29a29d0f180200adc3cf8ce1050e96</sys_id>
<sys_mod_count>0</sys_mod_count>
<sys_updated_by>admin</sys_updated_by>
<sys_updated_on>2015-05-27 13:16:24</sys_updated_on>
<table/>
<target_name>AWS</target_name>
<type>Question Choice</type>
<update_domain>global                          </update_domain>
<update_set display_value=""/>
<view/>
</sys_update_xml>
</unload>
