<?xml version="1.0" encoding="UTF-8"?>
<unload unload_date="2015-05-27 13:08:25">
<sys_remote_update_set action="INSERT_OR_UPDATE">
<application display_value="RightScaleCloudManagement">adee18db0f61f100bad2fc5be1050e29</application>
<application_name>RightScaleCloudManagement</application_name>
<application_scope>x_ris_rightscale_c</application_scope>
<application_version>1.0.0</application_version>
<collisions/>
<commit_date/>
<deleted/>
<description>Automatically created by the system</description>
<inserted/>
<name>HadoopBigData</name>
<origin_sys_id/>
<release_date/>
<remote_sys_id>d3f56e5d0f180200adc3cf8ce1050eb4</remote_sys_id>
<state>loaded</state>
<summary/>
<sys_created_by>admin</sys_created_by>
<sys_created_on>2015-05-27 13:08:25</sys_created_on>
<sys_id>5d57229d0f180200adc3cf8ce1050ea0</sys_id>
<sys_mod_count>0</sys_mod_count>
<sys_updated_by>admin</sys_updated_by>
<sys_updated_on>2015-05-27 13:08:25</sys_updated_on>
<update_set display_value=""/>
<update_source display_value=""/>
<updated/>
</sys_remote_update_set>
<sys_update_xml action="INSERT_OR_UPDATE">
<action>INSERT_OR_UPDATE</action>
<application display_value="RightScaleCloudManagement">adee18db0f61f100bad2fc5be1050e29</application>
<category>customer</category>
<comments/>
<name>item_option_new_5016ae5d0f180200adc3cf8ce1050eea</name>
<payload><![CDATA[<?xml version="1.0" encoding="UTF-8"?><record_update table="item_option_new"><item_option_new action="INSERT_OR_UPDATE"><active>true</active><attributes/><cat_item display_value="Copy of Launch Application">d416265d0f180200adc3cf8ce1050e2b</cat_item><category/><choice_direction>down</choice_direction><choice_field/><choice_table/><create_roles/><default_html_value/><default_value/><delete_roles/><delivery_plan/><description/><display_title>false</display_title><do_not_select_first>false</do_not_select_first><dynamic_default_value/><dynamic_ref_qual/><field/><global>false</global><help_tag>More information</help_tag><help_text/><include_none>false</include_none><layout>normal</layout><list_table/><lookup_label/><lookup_price/><lookup_table/><lookup_unique>false</lookup_unique><lookup_value/><macro/><mandatory>false</mandatory><map_to_field>false</map_to_field><mask_use_confirmation>false</mask_use_confirmation><mask_use_encryption>false</mask_use_encryption><name>u_name</name><order>10</order><price_if_checked>0</price_if_checked><pricing_implications>false</pricing_implications><question_text>Name</question_text><read_roles/><rec_lookup_price/><rec_price_if_checked>0</rec_price_if_checked><record/><record_producer_table/><reference/><reference_qual/><reference_qual_condition/><scale_max>5</scale_max><scale_min>0</scale_min><show_help>false</show_help><summary_macro/><sys_class_name>item_option_new</sys_class_name><sys_created_by>admin</sys_created_by><sys_created_on>2015-05-27 13:02:54</sys_created_on><sys_customer_update>true</sys_customer_update><sys_id>5016ae5d0f180200adc3cf8ce1050eea</sys_id><sys_mod_count>0</sys_mod_count><sys_name>Name</sys_name><sys_package display_value="RightScaleCloudManagement" source="x_ris_rightscale_c">adee18db0f61f100bad2fc5be1050e29</sys_package><sys_policy/><sys_replace_on_upgrade>false</sys_replace_on_upgrade><sys_scope display_value="RightScaleCloudManagement">adee18db0f61f100bad2fc5be1050e29</sys_scope><sys_update_name>item_option_new_431502094fd771001816e321a310c7f8</sys_update_name><sys_updated_by>admin</sys_updated_by><sys_updated_on>2015-05-27 13:02:54</sys_updated_on><table/><type>6</type><ui_page/><use_dynamic_default>false</use_dynamic_default><use_reference_qualifier>simple</use_reference_qualifier><variable_name/><variable_set/><visibility>1</visibility><visible_bundle>true</visible_bundle><visible_guide>true</visible_guide><visible_standalone>true</visible_standalone><visible_summary>true</visible_summary><write_roles/></item_option_new><sys_translated_text action="delete_multiple" query="documentkey=5016ae5d0f180200adc3cf8ce1050eea"/></record_update>]]></payload>
<remote_update_set display_value="HadoopBigData">5d57229d0f180200adc3cf8ce1050ea0</remote_update_set>
<replace_on_upgrade>false</replace_on_upgrade>
<sys_created_by>admin</sys_created_by>
<sys_created_on>2015-05-27 13:08:25</sys_created_on>
<sys_id>1157229d0f180200adc3cf8ce1050ea1</sys_id>
<sys_mod_count>0</sys_mod_count>
<sys_updated_by>admin</sys_updated_by>
<sys_updated_on>2015-05-27 13:08:25</sys_updated_on>
<table/>
<target_name>Name</target_name>
<type>Variable</type>
<update_domain>global                          </update_domain>
<update_set display_value=""/>
<view/>
</sys_update_xml>
<sys_update_xml action="INSERT_OR_UPDATE">
<action>INSERT_OR_UPDATE</action>
<application display_value="RightScaleCloudManagement">adee18db0f61f100bad2fc5be1050e29</application>
<category>customer</category>
<comments/>
<name>item_option_new_e016ae5d0f180200adc3cf8ce1050eeb</name>
<payload><![CDATA[<?xml version="1.0" encoding="UTF-8"?><record_update table="item_option_new"><item_option_new action="INSERT_OR_UPDATE"><active>true</active><attributes/><cat_item display_value="Copy of Launch Application">d416265d0f180200adc3cf8ce1050e2b</cat_item><category/><choice_direction>down</choice_direction><choice_field/><choice_table/><create_roles/><default_html_value/><default_value/><delete_roles/><delivery_plan/><description/><display_title>false</display_title><do_not_select_first>false</do_not_select_first><dynamic_default_value/><dynamic_ref_qual/><field/><global>false</global><help_tag>More information</help_tag><help_text/><include_none>false</include_none><layout>normal</layout><list_table/><lookup_label/><lookup_price/><lookup_table/><lookup_unique>false</lookup_unique><lookup_value/><macro/><mandatory>false</mandatory><map_to_field>false</map_to_field><mask_use_confirmation>false</mask_use_confirmation><mask_use_encryption>false</mask_use_encryption><name>u_application</name><order>5</order><price_if_checked>0</price_if_checked><pricing_implications>false</pricing_implications><question_text>Application</question_text><read_roles/><rec_lookup_price/><rec_price_if_checked>0</rec_price_if_checked><record/><record_producer_table/><reference>x_ris_rightscale_c_applications</reference><reference_qual/><reference_qual_condition/><scale_max>5</scale_max><scale_min>0</scale_min><show_help>false</show_help><summary_macro/><sys_class_name>item_option_new</sys_class_name><sys_created_by>admin</sys_created_by><sys_created_on>2015-05-27 13:02:54</sys_created_on><sys_customer_update>true</sys_customer_update><sys_id>e016ae5d0f180200adc3cf8ce1050eeb</sys_id><sys_mod_count>0</sys_mod_count><sys_name>Application</sys_name><sys_package display_value="RightScaleCloudManagement" source="x_ris_rightscale_c">adee18db0f61f100bad2fc5be1050e29</sys_package><sys_policy/><sys_replace_on_upgrade>false</sys_replace_on_upgrade><sys_scope display_value="RightScaleCloudManagement">adee18db0f61f100bad2fc5be1050e29</sys_scope><sys_update_name>item_option_new_f0744a094fd771001816e321a310c7ee</sys_update_name><sys_updated_by>admin</sys_updated_by><sys_updated_on>2015-05-27 13:02:54</sys_updated_on><table/><type>8</type><ui_page/><use_dynamic_default>false</use_dynamic_default><use_reference_qualifier>simple</use_reference_qualifier><variable_name/><variable_set/><visibility>1</visibility><visible_bundle>true</visible_bundle><visible_guide>true</visible_guide><visible_standalone>true</visible_standalone><visible_summary>true</visible_summary><write_roles/></item_option_new><sys_translated_text action="delete_multiple" query="documentkey=e016ae5d0f180200adc3cf8ce1050eeb"/></record_update>]]></payload>
<remote_update_set display_value="HadoopBigData">5d57229d0f180200adc3cf8ce1050ea0</remote_update_set>
<replace_on_upgrade>false</replace_on_upgrade>
<sys_created_by>admin</sys_created_by>
<sys_created_on>2015-05-27 13:08:25</sys_created_on>
<sys_id>1557229d0f180200adc3cf8ce1050ea1</sys_id>
<sys_mod_count>0</sys_mod_count>
<sys_updated_by>admin</sys_updated_by>
<sys_updated_on>2015-05-27 13:08:25</sys_updated_on>
<table/>
<target_name>Application</target_name>
<type>Variable</type>
<update_domain>global                          </update_domain>
<update_set display_value=""/>
<view/>
</sys_update_xml>
<sys_update_xml action="INSERT_OR_UPDATE">
<action>INSERT_OR_UPDATE</action>
<application display_value="RightScaleCloudManagement">adee18db0f61f100bad2fc5be1050e29</application>
<category>customer</category>
<comments/>
<name>question_choice_4f66ee5d0f180200adc3cf8ce1050ed1</name>
<payload><![CDATA[<?xml version="1.0" encoding="UTF-8"?><record_update table="question_choice"><question_choice action="INSERT_OR_UPDATE"><misc>0.00</misc><order>100</order><question display_value="Cloud">4336ee5d0f180200adc3cf8ce1050e25</question><rec_misc>0.00</rec_misc><sys_class_name>question_choice</sys_class_name><sys_created_by>admin</sys_created_by><sys_created_on>2015-05-27 13:04:33</sys_created_on><sys_customer_update>true</sys_customer_update><sys_id>4f66ee5d0f180200adc3cf8ce1050ed1</sys_id><sys_mod_count>0</sys_mod_count><sys_name>AWS</sys_name><sys_package display_value="RightScaleCloudManagement" source="x_ris_rightscale_c">adee18db0f61f100bad2fc5be1050e29</sys_package><sys_policy/><sys_replace_on_upgrade>false</sys_replace_on_upgrade><sys_scope display_value="RightScaleCloudManagement">adee18db0f61f100bad2fc5be1050e29</sys_scope><sys_update_name>question_choice_4f66ee5d0f180200adc3cf8ce1050ed1</sys_update_name><sys_updated_by>admin</sys_updated_by><sys_updated_on>2015-05-27 13:04:33</sys_updated_on><text>AWS</text><value>AWS</value></question_choice><fx_price action="delete_multiple" query="id=4f66ee5d0f180200adc3cf8ce1050ed1"/><fx_price action="INSERT_OR_UPDATE"><amount>0</amount><currency display_value="USD">USD</currency><field>misc</field><id>4f66ee5d0f180200adc3cf8ce1050ed1</id><parent/><reference_amount>0</reference_amount><reference_currency display_value="USD">USD</reference_currency><sys_created_by>admin</sys_created_by><sys_created_on>2015-05-27 13:04:33</sys_created_on><sys_id>a4762e5d0f180200adc3cf8ce1050eb8</sys_id><sys_mod_count>0</sys_mod_count><sys_updated_by>admin</sys_updated_by><sys_updated_on>2015-05-27 13:04:33</sys_updated_on><table>question_choice</table><type>calculated</type></fx_price><fx_price action="INSERT_OR_UPDATE"><amount>0</amount><currency display_value="USD">USD</currency><field>rec_misc</field><id>4f66ee5d0f180200adc3cf8ce1050ed1</id><parent/><reference_amount>0</reference_amount><reference_currency display_value="USD">USD</reference_currency><sys_created_by>admin</sys_created_by><sys_created_on>2015-05-27 13:04:33</sys_created_on><sys_id>64762e5d0f180200adc3cf8ce1050eb8</sys_id><sys_mod_count>0</sys_mod_count><sys_updated_by>admin</sys_updated_by><sys_updated_on>2015-05-27 13:04:33</sys_updated_on><table>question_choice</table><type>calculated</type></fx_price></record_update>]]></payload>
<remote_update_set display_value="HadoopBigData">5d57229d0f180200adc3cf8ce1050ea0</remote_update_set>
<replace_on_upgrade>false</replace_on_upgrade>
<sys_created_by>admin</sys_created_by>
<sys_created_on>2015-05-27 13:08:25</sys_created_on>
<sys_id>1957229d0f180200adc3cf8ce1050ea1</sys_id>
<sys_mod_count>0</sys_mod_count>
<sys_updated_by>admin</sys_updated_by>
<sys_updated_on>2015-05-27 13:08:25</sys_updated_on>
<table/>
<target_name>AWS</target_name>
<type>Question Choice</type>
<update_domain>global                          </update_domain>
<update_set display_value=""/>
<view/>
</sys_update_xml>
<sys_update_xml action="INSERT_OR_UPDATE">
<action>INSERT_OR_UPDATE</action>
<application display_value="RightScaleCloudManagement">adee18db0f61f100bad2fc5be1050e29</application>
<category>customer</category>
<comments/>
<name>sc_cat_item_catalog_9016265d0f180200adc3cf8ce1050e2c</name>
<payload><![CDATA[<?xml version="1.0" encoding="UTF-8"?><record_update table="sc_cat_item_catalog"><sc_cat_item_catalog action="INSERT_OR_UPDATE"><sc_cat_item display_value="Copy of Launch Application">d416265d0f180200adc3cf8ce1050e2b</sc_cat_item><sc_catalog display_value="Service Catalog">e0d08b13c3330100c8b837659bba8fb4</sc_catalog><sys_class_name>sc_cat_item_catalog</sys_class_name><sys_created_by>admin</sys_created_by><sys_created_on>2015-05-27 13:02:54</sys_created_on><sys_customer_update>true</sys_customer_update><sys_id>9016265d0f180200adc3cf8ce1050e2c</sys_id><sys_mod_count>0</sys_mod_count><sys_name>Service Catalog.Copy of Launch Application</sys_name><sys_package display_value="RightScaleCloudManagement" source="x_ris_rightscale_c">adee18db0f61f100bad2fc5be1050e29</sys_package><sys_policy/><sys_replace_on_upgrade>false</sys_replace_on_upgrade><sys_scope display_value="RightScaleCloudManagement">adee18db0f61f100bad2fc5be1050e29</sys_scope><sys_update_name>sc_cat_item_catalog_9016265d0f180200adc3cf8ce1050e2c</sys_update_name><sys_updated_by>admin</sys_updated_by><sys_updated_on>2015-05-27 13:02:54</sys_updated_on></sc_cat_item_catalog></record_update>]]></payload>
<remote_update_set display_value="HadoopBigData">5d57229d0f180200adc3cf8ce1050ea0</remote_update_set>
<replace_on_upgrade>false</replace_on_upgrade>
<sys_created_by>admin</sys_created_by>
<sys_created_on>2015-05-27 13:08:25</sys_created_on>
<sys_id>1d57229d0f180200adc3cf8ce1050ea1</sys_id>
<sys_mod_count>0</sys_mod_count>
<sys_updated_by>admin</sys_updated_by>
<sys_updated_on>2015-05-27 13:08:25</sys_updated_on>
<table/>
<target_name>Service Catalog.Copy of Launch Application</target_name>
<type>Catalog Items Catalog</type>
<update_domain>global                          </update_domain>
<update_set display_value=""/>
<view/>
</sys_update_xml>
<sys_update_xml action="INSERT_OR_UPDATE">
<action>INSERT_OR_UPDATE</action>
<application display_value="RightScaleCloudManagement">adee18db0f61f100bad2fc5be1050e29</application>
<category>customer</category>
<comments/>
<name>item_option_new_5c16265d0f180200adc3cf8ce1050e2c</name>
<payload><![CDATA[<?xml version="1.0" encoding="UTF-8"?><record_update table="item_option_new"><item_option_new action="INSERT_OR_UPDATE"><active>true</active><attributes/><cat_item display_value="Copy of Launch Application">d416265d0f180200adc3cf8ce1050e2b</cat_item><category/><choice_direction>down</choice_direction><choice_field/><choice_table/><create_roles/><default_html_value/><default_value>Business Hours</default_value><delete_roles/><delivery_plan/><description/><display_title>false</display_title><do_not_select_first>false</do_not_select_first><dynamic_default_value/><dynamic_ref_qual/><field/><global>false</global><help_tag>More information</help_tag><help_text/><include_none>false</include_none><layout>normal</layout><list_table/><lookup_label/><lookup_price/><lookup_table/><lookup_unique>false</lookup_unique><lookup_value/><macro/><mandatory>false</mandatory><map_to_field>false</map_to_field><mask_use_confirmation>false</mask_use_confirmation><mask_use_encryption>false</mask_use_encryption><name>u_schedule_name</name><order>30</order><price_if_checked>0</price_if_checked><pricing_implications>false</pricing_implications><question_text>Schedule name</question_text><read_roles/><rec_lookup_price/><rec_price_if_checked>0</rec_price_if_checked><record/><record_producer_table/><reference/><reference_qual/><reference_qual_condition/><scale_max>5</scale_max><scale_min>0</scale_min><show_help>false</show_help><summary_macro/><sys_class_name>item_option_new</sys_class_name><sys_created_by>admin</sys_created_by><sys_created_on>2015-05-27 13:02:54</sys_created_on><sys_customer_update>true</sys_customer_update><sys_id>5c16265d0f180200adc3cf8ce1050e2c</sys_id><sys_mod_count>0</sys_mod_count><sys_name>Schedule name</sys_name><sys_package display_value="RightScaleCloudManagement" source="x_ris_rightscale_c">adee18db0f61f100bad2fc5be1050e29</sys_package><sys_policy/><sys_replace_on_upgrade>false</sys_replace_on_upgrade><sys_scope display_value="RightScaleCloudManagement">adee18db0f61f100bad2fc5be1050e29</sys_scope><sys_update_name>item_option_new_11e48a094fd771001816e321a310c77a</sys_update_name><sys_updated_by>admin</sys_updated_by><sys_updated_on>2015-05-27 13:02:54</sys_updated_on><table/><type>5</type><ui_page/><use_dynamic_default>false</use_dynamic_default><use_reference_qualifier>simple</use_reference_qualifier><variable_name/><variable_set/><visibility>1</visibility><visible_bundle>true</visible_bundle><visible_guide>true</visible_guide><visible_standalone>true</visible_standalone><visible_summary>true</visible_summary><write_roles/></item_option_new><sys_translated_text action="delete_multiple" query="documentkey=5c16265d0f180200adc3cf8ce1050e2c"/></record_update>]]></payload>
<remote_update_set display_value="HadoopBigData">5d57229d0f180200adc3cf8ce1050ea0</remote_update_set>
<replace_on_upgrade>false</replace_on_upgrade>
<sys_created_by>admin</sys_created_by>
<sys_created_on>2015-05-27 13:08:25</sys_created_on>
<sys_id>5157229d0f180200adc3cf8ce1050ea1</sys_id>
<sys_mod_count>0</sys_mod_count>
<sys_updated_by>admin</sys_updated_by>
<sys_updated_on>2015-05-27 13:08:25</sys_updated_on>
<table/>
<target_name>Schedule name</target_name>
<type>Variable</type>
<update_domain>global                          </update_domain>
<update_set display_value=""/>
<view/>
</sys_update_xml>
<sys_update_xml action="INSERT_OR_UPDATE">
<action>INSERT_OR_UPDATE</action>
<application display_value="RightScaleCloudManagement">adee18db0f61f100bad2fc5be1050e29</application>
<category>customer</category>
<comments/>
<name>question_choice_1ac6229d0f180200adc3cf8ce1050eb1</name>
<payload><![CDATA[<?xml version="1.0" encoding="UTF-8"?><record_update table="question_choice"><question_choice action="INSERT_OR_UPDATE"><misc>0.00</misc><order>100</order><question display_value="Server Performance Level">2296ee5d0f180200adc3cf8ce1050e27</question><rec_misc>0.00</rec_misc><sys_class_name>question_choice</sys_class_name><sys_created_by>admin</sys_created_by><sys_created_on>2015-05-27 13:06:15</sys_created_on><sys_customer_update>true</sys_customer_update><sys_id>1ac6229d0f180200adc3cf8ce1050eb1</sys_id><sys_mod_count>0</sys_mod_count><sys_name>Standard Performance</sys_name><sys_package display_value="RightScaleCloudManagement" source="x_ris_rightscale_c">adee18db0f61f100bad2fc5be1050e29</sys_package><sys_policy/><sys_replace_on_upgrade>false</sys_replace_on_upgrade><sys_scope display_value="RightScaleCloudManagement">adee18db0f61f100bad2fc5be1050e29</sys_scope><sys_update_name>question_choice_1ac6229d0f180200adc3cf8ce1050eb1</sys_update_name><sys_updated_by>admin</sys_updated_by><sys_updated_on>2015-05-27 13:06:15</sys_updated_on><text>Standard Performance</text><value>Standard Performance</value></question_choice><fx_price action="delete_multiple" query="id=1ac6229d0f180200adc3cf8ce1050eb1"/><fx_price action="INSERT_OR_UPDATE"><amount>0</amount><currency display_value="USD">USD</currency><field>misc</field><id>1ac6229d0f180200adc3cf8ce1050eb1</id><parent/><reference_amount>0</reference_amount><reference_currency display_value="USD">USD</reference_currency><sys_created_by>admin</sys_created_by><sys_created_on>2015-05-27 13:06:15</sys_created_on><sys_id>69d6ee5d0f180200adc3cf8ce1050ea0</sys_id><sys_mod_count>0</sys_mod_count><sys_updated_by>admin</sys_updated_by><sys_updated_on>2015-05-27 13:06:15</sys_updated_on><table>question_choice</table><type>calculated</type></fx_price><fx_price action="INSERT_OR_UPDATE"><amount>0</amount><currency display_value="USD">USD</currency><field>rec_misc</field><id>1ac6229d0f180200adc3cf8ce1050eb1</id><parent/><reference_amount>0</reference_amount><reference_currency display_value="USD">USD</reference_currency><sys_created_by>admin</sys_created_by><sys_created_on>2015-05-27 13:06:15</sys_created_on><sys_id>29d6ee5d0f180200adc3cf8ce1050ea0</sys_id><sys_mod_count>0</sys_mod_count><sys_updated_by>admin</sys_updated_by><sys_updated_on>2015-05-27 13:06:15</sys_updated_on><table>question_choice</table><type>calculated</type></fx_price></record_update>]]></payload>
<remote_update_set display_value="HadoopBigData">5d57229d0f180200adc3cf8ce1050ea0</remote_update_set>
<replace_on_upgrade>false</replace_on_upgrade>
<sys_created_by>admin</sys_created_by>
<sys_created_on>2015-05-27 13:08:25</sys_created_on>
<sys_id>5557229d0f180200adc3cf8ce1050ea1</sys_id>
<sys_mod_count>0</sys_mod_count>
<sys_updated_by>admin</sys_updated_by>
<sys_updated_on>2015-05-27 13:08:25</sys_updated_on>
<table/>
<target_name>Standard Performance</target_name>
<type>Question Choice</type>
<update_domain>global                          </update_domain>
<update_set display_value=""/>
<view/>
</sys_update_xml>
<sys_update_xml action="INSERT_OR_UPDATE">
<action>INSERT_OR_UPDATE</action>
<application display_value="RightScaleCloudManagement">adee18db0f61f100bad2fc5be1050e29</application>
<category>customer</category>
<comments/>
<name>question_choice_ce766e5d0f180200adc3cf8ce1050ebc</name>
<payload><![CDATA[<?xml version="1.0" encoding="UTF-8"?><record_update table="question_choice"><question_choice action="INSERT_OR_UPDATE"><misc>0.00</misc><order>200</order><question display_value="Cloud">4336ee5d0f180200adc3cf8ce1050e25</question><rec_misc>0.00</rec_misc><sys_class_name>question_choice</sys_class_name><sys_created_by>admin</sys_created_by><sys_created_on>2015-05-27 13:04:44</sys_created_on><sys_customer_update>true</sys_customer_update><sys_id>ce766e5d0f180200adc3cf8ce1050ebc</sys_id><sys_mod_count>0</sys_mod_count><sys_name>Azure</sys_name><sys_package display_value="RightScaleCloudManagement" source="x_ris_rightscale_c">adee18db0f61f100bad2fc5be1050e29</sys_package><sys_policy/><sys_replace_on_upgrade>false</sys_replace_on_upgrade><sys_scope display_value="RightScaleCloudManagement">adee18db0f61f100bad2fc5be1050e29</sys_scope><sys_update_name>question_choice_ce766e5d0f180200adc3cf8ce1050ebc</sys_update_name><sys_updated_by>admin</sys_updated_by><sys_updated_on>2015-05-27 13:04:44</sys_updated_on><text>Azure</text><value>Azure</value></question_choice><fx_price action="delete_multiple" query="id=ce766e5d0f180200adc3cf8ce1050ebc"/><fx_price action="INSERT_OR_UPDATE"><amount>0</amount><currency display_value="USD">USD</currency><field>misc</field><id>ce766e5d0f180200adc3cf8ce1050ebc</id><parent/><reference_amount>0</reference_amount><reference_currency display_value="USD">USD</reference_currency><sys_created_by>admin</sys_created_by><sys_created_on>2015-05-27 13:04:44</sys_created_on><sys_id>5b76ee5d0f180200adc3cf8ce1050ed3</sys_id><sys_mod_count>0</sys_mod_count><sys_updated_by>admin</sys_updated_by><sys_updated_on>2015-05-27 13:04:44</sys_updated_on><table>question_choice</table><type>calculated</type></fx_price><fx_price action="INSERT_OR_UPDATE"><amount>0</amount><currency display_value="USD">USD</currency><field>rec_misc</field><id>ce766e5d0f180200adc3cf8ce1050ebc</id><parent/><reference_amount>0</reference_amount><reference_currency display_value="USD">USD</reference_currency><sys_created_by>admin</sys_created_by><sys_created_on>2015-05-27 13:04:44</sys_created_on><sys_id>1b76ee5d0f180200adc3cf8ce1050ed3</sys_id><sys_mod_count>0</sys_mod_count><sys_updated_by>admin</sys_updated_by><sys_updated_on>2015-05-27 13:04:44</sys_updated_on><table>question_choice</table><type>calculated</type></fx_price></record_update>]]></payload>
<remote_update_set display_value="HadoopBigData">5d57229d0f180200adc3cf8ce1050ea0</remote_update_set>
<replace_on_upgrade>false</replace_on_upgrade>
<sys_created_by>admin</sys_created_by>
<sys_created_on>2015-05-27 13:08:25</sys_created_on>
<sys_id>5957229d0f180200adc3cf8ce1050ea1</sys_id>
<sys_mod_count>0</sys_mod_count>
<sys_updated_by>admin</sys_updated_by>
<sys_updated_on>2015-05-27 13:08:25</sys_updated_on>
<table/>
<target_name>Azure</target_name>
<type>Question Choice</type>
<update_domain>global                          </update_domain>
<update_set display_value=""/>
<view/>
</sys_update_xml>
<sys_update_xml action="INSERT_OR_UPDATE">
<action>INSERT_OR_UPDATE</action>
<application display_value="RightScaleCloudManagement">adee18db0f61f100bad2fc5be1050e29</application>
<category>customer</category>
<comments/>
<name>sc_cat_item_d416265d0f180200adc3cf8ce1050e2b</name>
<payload><![CDATA[<?xml version="1.0" encoding="UTF-8"?><record_update table="sc_cat_item"><sc_cat_item action="INSERT_OR_UPDATE"><active>true</active><availability>on_desktop</availability><billable>false</billable><category/><cost>0</cost><custom_cart/><delivery_plan/><delivery_plan_script/><delivery_time>1970-01-03 00:00:00</delivery_time><description/><entitlement_script/><group/><icon/><ignore_price>true</ignore_price><image/><list_price>0</list_price><location/><meta/><mobile_hide_price>false</mobile_hide_price><mobile_picture/><mobile_picture_type>use_desktop_picture</mobile_picture_type><model/><name>Hadoop Big Data</name><no_cart>false</no_cart><no_order>false</no_order><no_order_now>false</no_order_now><no_proceed_checkout>false</no_proceed_checkout><no_quantity>false</no_quantity><no_search>false</no_search><omit_price>false</omit_price><order>0</order><ordered_item_link/><picture/><preview>JavaScript: popupOpenStandard("./com.glideapp.servicecatalog_cat_item_view.do?v=1&amp;sysparm_id=d416265d0f180200adc3cf8ce1050e2b&amp;sysparm_preview=true", "summary");</preview><price>0.00</price><recurring_frequency/><recurring_price>0.00</recurring_price><roles/><sc_catalogs>e0d08b13c3330100c8b837659bba8fb4</sc_catalogs><sc_ic_item_staging/><sc_ic_version/><short_description/><start_closed>false</start_closed><sys_class_name>sc_cat_item</sys_class_name><sys_created_by>admin</sys_created_by><sys_created_on>2015-05-27 13:02:53</sys_created_on><sys_customer_update>true</sys_customer_update><sys_id>d416265d0f180200adc3cf8ce1050e2b</sys_id><sys_mod_count>1</sys_mod_count><sys_name>Hadoop Big Data</sys_name><sys_package display_value="RightScaleCloudManagement" source="x_ris_rightscale_c">adee18db0f61f100bad2fc5be1050e29</sys_package><sys_policy/><sys_replace_on_upgrade>false</sys_replace_on_upgrade><sys_scope display_value="RightScaleCloudManagement">adee18db0f61f100bad2fc5be1050e29</sys_scope><sys_update_name>sc_cat_item_d416265d0f180200adc3cf8ce1050e2b</sys_update_name><sys_updated_by>admin</sys_updated_by><sys_updated_on>2015-05-27 13:03:15</sys_updated_on><template/><type>item</type><use_sc_layout>true</use_sc_layout><vendor/><visible_bundle>true</visible_bundle><visible_guide>true</visible_guide><visible_standalone>true</visible_standalone><workflow display_value="Self-Service Launch Application">74ee3c2a0f96b500bad2fc5be1050eb4</workflow></sc_cat_item><sys_translated_text action="delete_multiple" query="documentkey=d416265d0f180200adc3cf8ce1050e2b"/><fx_price action="delete_multiple" query="id=d416265d0f180200adc3cf8ce1050e2b"/><fx_price action="INSERT_OR_UPDATE"><amount>0</amount><currency display_value="USD">USD</currency><field>price</field><id>d416265d0f180200adc3cf8ce1050e2b</id><parent/><reference_amount>0</reference_amount><reference_currency display_value="USD">USD</reference_currency><sys_created_by>admin</sys_created_by><sys_created_on>2015-05-27 13:02:53</sys_created_on><sys_id>d816265d0f180200adc3cf8ce1050e2b</sys_id><sys_mod_count>0</sys_mod_count><sys_updated_by>admin</sys_updated_by><sys_updated_on>2015-05-27 13:02:53</sys_updated_on><table>sc_cat_item</table><type>calculated</type></fx_price><fx_price action="INSERT_OR_UPDATE"><amount>0</amount><currency display_value="USD">USD</currency><field>recurring_price</field><id>d416265d0f180200adc3cf8ce1050e2b</id><parent/><reference_amount>0</reference_amount><reference_currency display_value="USD">USD</reference_currency><sys_created_by>admin</sys_created_by><sys_created_on>2015-05-27 13:02:53</sys_created_on><sys_id>5c16265d0f180200adc3cf8ce1050e2b</sys_id><sys_mod_count>0</sys_mod_count><sys_updated_by>admin</sys_updated_by><sys_updated_on>2015-05-27 13:02:53</sys_updated_on><table>sc_cat_item</table><type>calculated</type></fx_price></record_update>]]></payload>
<remote_update_set display_value="HadoopBigData">5d57229d0f180200adc3cf8ce1050ea0</remote_update_set>
<replace_on_upgrade>false</replace_on_upgrade>
<sys_created_by>admin</sys_created_by>
<sys_created_on>2015-05-27 13:08:25</sys_created_on>
<sys_id>5d57229d0f180200adc3cf8ce1050ea1</sys_id>
<sys_mod_count>0</sys_mod_count>
<sys_updated_by>admin</sys_updated_by>
<sys_updated_on>2015-05-27 13:08:25</sys_updated_on>
<table/>
<target_name>Hadoop Big Data</target_name>
<type>Catalog Item</type>
<update_domain>global</update_domain>
<update_set display_value=""/>
<view/>
</sys_update_xml>
<sys_update_xml action="INSERT_OR_UPDATE">
<action>INSERT_OR_UPDATE</action>
<application display_value="RightScaleCloudManagement">adee18db0f61f100bad2fc5be1050e29</application>
<category>customer</category>
<comments/>
<name>item_option_new_9816ae5d0f180200adc3cf8ce1050eea</name>
<payload><![CDATA[<?xml version="1.0" encoding="UTF-8"?><record_update table="item_option_new"><item_option_new action="INSERT_OR_UPDATE"><active>true</active><attributes/><cat_item display_value="Copy of Launch Application">d416265d0f180200adc3cf8ce1050e2b</cat_item><category/><choice_direction>down</choice_direction><choice_field/><choice_table/><create_roles/><default_html_value/><default_value/><delete_roles/><delivery_plan/><description/><display_title>false</display_title><do_not_select_first>false</do_not_select_first><dynamic_default_value/><dynamic_ref_qual/><field/><global>false</global><help_tag>More information</help_tag><help_text/><include_none>false</include_none><layout>normal</layout><list_table/><lookup_label/><lookup_price/><lookup_table/><lookup_unique>false</lookup_unique><lookup_value/><macro/><mandatory>false</mandatory><map_to_field>false</map_to_field><mask_use_confirmation>false</mask_use_confirmation><mask_use_encryption>false</mask_use_encryption><name>u_description</name><order>20</order><price_if_checked>0</price_if_checked><pricing_implications>false</pricing_implications><question_text>Description</question_text><read_roles/><rec_lookup_price/><rec_price_if_checked>0</rec_price_if_checked><record/><record_producer_table/><reference/><reference_qual/><reference_qual_condition/><scale_max>5</scale_max><scale_min>0</scale_min><show_help>false</show_help><summary_macro/><sys_class_name>item_option_new</sys_class_name><sys_created_by>admin</sys_created_by><sys_created_on>2015-05-27 13:02:54</sys_created_on><sys_customer_update>true</sys_customer_update><sys_id>9816ae5d0f180200adc3cf8ce1050eea</sys_id><sys_mod_count>0</sys_mod_count><sys_name>Description</sys_name><sys_package display_value="RightScaleCloudManagement" source="x_ris_rightscale_c">adee18db0f61f100bad2fc5be1050e29</sys_package><sys_policy/><sys_replace_on_upgrade>false</sys_replace_on_upgrade><sys_scope display_value="RightScaleCloudManagement">adee18db0f61f100bad2fc5be1050e29</sys_scope><sys_update_name>item_option_new_59c48a094fd771001816e321a310c7a3</sys_update_name><sys_updated_by>admin</sys_updated_by><sys_updated_on>2015-05-27 13:02:54</sys_updated_on><table/><type>2</type><ui_page/><use_dynamic_default>false</use_dynamic_default><use_reference_qualifier>simple</use_reference_qualifier><variable_name/><variable_set/><visibility>1</visibility><visible_bundle>true</visible_bundle><visible_guide>true</visible_guide><visible_standalone>true</visible_standalone><visible_summary>true</visible_summary><write_roles/></item_option_new><sys_translated_text action="delete_multiple" query="documentkey=9816ae5d0f180200adc3cf8ce1050eea"/></record_update>]]></payload>
<remote_update_set display_value="HadoopBigData">5d57229d0f180200adc3cf8ce1050ea0</remote_update_set>
<replace_on_upgrade>false</replace_on_upgrade>
<sys_created_by>admin</sys_created_by>
<sys_created_on>2015-05-27 13:08:25</sys_created_on>
<sys_id>9157229d0f180200adc3cf8ce1050ea1</sys_id>
<sys_mod_count>0</sys_mod_count>
<sys_updated_by>admin</sys_updated_by>
<sys_updated_on>2015-05-27 13:08:25</sys_updated_on>
<table/>
<target_name>Description</target_name>
<type>Variable</type>
<update_domain>global                          </update_domain>
<update_set display_value=""/>
<view/>
</sys_update_xml>
<sys_update_xml action="INSERT_OR_UPDATE">
<action>INSERT_OR_UPDATE</action>
<application display_value="RightScaleCloudManagement">adee18db0f61f100bad2fc5be1050e29</application>
<category>customer</category>
<comments/>
<name>question_choice_2416ae5d0f180200adc3cf8ce1050eec</name>
<payload><![CDATA[<?xml version="1.0" encoding="UTF-8"?><record_update table="question_choice"><question_choice action="INSERT_OR_UPDATE"><misc>0</misc><order>200</order><question display_value="Schedule name">5c16265d0f180200adc3cf8ce1050e2c</question><rec_misc>0</rec_misc><sys_class_name>question_choice</sys_class_name><sys_created_by>admin</sys_created_by><sys_created_on>2015-05-27 13:02:54</sys_created_on><sys_customer_update>true</sys_customer_update><sys_id>2416ae5d0f180200adc3cf8ce1050eec</sys_id><sys_mod_count>0</sys_mod_count><sys_name>Business Hours</sys_name><sys_package display_value="RightScaleCloudManagement" source="x_ris_rightscale_c">adee18db0f61f100bad2fc5be1050e29</sys_package><sys_policy/><sys_replace_on_upgrade>false</sys_replace_on_upgrade><sys_scope display_value="RightScaleCloudManagement">adee18db0f61f100bad2fc5be1050e29</sys_scope><sys_update_name>question_choice_2416ae5d0f180200adc3cf8ce1050eec</sys_update_name><sys_updated_by>admin</sys_updated_by><sys_updated_on>2015-05-27 13:02:54</sys_updated_on><text>Business Hours</text><value>Business Hours</value></question_choice><fx_price action="delete_multiple" query="id=2416ae5d0f180200adc3cf8ce1050eec"/><fx_price action="INSERT_OR_UPDATE"><amount>0</amount><currency display_value="USD">USD</currency><field>misc</field><id>2416ae5d0f180200adc3cf8ce1050eec</id><parent/><reference_amount>0</reference_amount><reference_currency display_value="USD">USD</reference_currency><sys_created_by>admin</sys_created_by><sys_created_on>2015-05-27 13:02:54</sys_created_on><sys_id>2816ae5d0f180200adc3cf8ce1050eec</sys_id><sys_mod_count>0</sys_mod_count><sys_updated_by>admin</sys_updated_by><sys_updated_on>2015-05-27 13:02:54</sys_updated_on><table>question_choice</table><type>calculated</type></fx_price><fx_price action="INSERT_OR_UPDATE"><amount>0</amount><currency display_value="USD">USD</currency><field>rec_misc</field><id>2416ae5d0f180200adc3cf8ce1050eec</id><parent/><reference_amount>0</reference_amount><reference_currency display_value="USD">USD</reference_currency><sys_created_by>admin</sys_created_by><sys_created_on>2015-05-27 13:02:54</sys_created_on><sys_id>e416ae5d0f180200adc3cf8ce1050eec</sys_id><sys_mod_count>0</sys_mod_count><sys_updated_by>admin</sys_updated_by><sys_updated_on>2015-05-27 13:02:54</sys_updated_on><table>question_choice</table><type>calculated</type></fx_price></record_update>]]></payload>
<remote_update_set display_value="HadoopBigData">5d57229d0f180200adc3cf8ce1050ea0</remote_update_set>
<replace_on_upgrade>false</replace_on_upgrade>
<sys_created_by>admin</sys_created_by>
<sys_created_on>2015-05-27 13:08:25</sys_created_on>
<sys_id>9557229d0f180200adc3cf8ce1050ea1</sys_id>
<sys_mod_count>0</sys_mod_count>
<sys_updated_by>admin</sys_updated_by>
<sys_updated_on>2015-05-27 13:08:25</sys_updated_on>
<table/>
<target_name>Business Hours</target_name>
<type>Question Choice</type>
<update_domain>global                          </update_domain>
<update_set display_value=""/>
<view/>
</sys_update_xml>
<sys_update_xml action="INSERT_OR_UPDATE">
<action>INSERT_OR_UPDATE</action>
<application display_value="RightScaleCloudManagement">adee18db0f61f100bad2fc5be1050e29</application>
<category>customer</category>
<comments/>
<name>question_choice_f0e6ee5d0f180200adc3cf8ce1050ea1</name>
<payload><![CDATA[<?xml version="1.0" encoding="UTF-8"?><record_update table="question_choice"><question_choice action="INSERT_OR_UPDATE"><misc>0.00</misc><order>200</order><question display_value="Server Performance Level">2296ee5d0f180200adc3cf8ce1050e27</question><rec_misc>0.00</rec_misc><sys_class_name>question_choice</sys_class_name><sys_created_by>admin</sys_created_by><sys_created_on>2015-05-27 13:06:34</sys_created_on><sys_customer_update>true</sys_customer_update><sys_id>f0e6ee5d0f180200adc3cf8ce1050ea1</sys_id><sys_mod_count>0</sys_mod_count><sys_name>High Performance</sys_name><sys_package display_value="RightScaleCloudManagement" source="x_ris_rightscale_c">adee18db0f61f100bad2fc5be1050e29</sys_package><sys_policy/><sys_replace_on_upgrade>false</sys_replace_on_upgrade><sys_scope display_value="RightScaleCloudManagement">adee18db0f61f100bad2fc5be1050e29</sys_scope><sys_update_name>question_choice_f0e6ee5d0f180200adc3cf8ce1050ea1</sys_update_name><sys_updated_by>admin</sys_updated_by><sys_updated_on>2015-05-27 13:06:34</sys_updated_on><text>High Performance</text><value>High Performance</value></question_choice><fx_price action="delete_multiple" query="id=f0e6ee5d0f180200adc3cf8ce1050ea1"/><fx_price action="INSERT_OR_UPDATE"><amount>0</amount><currency display_value="USD">USD</currency><field>misc</field><id>f0e6ee5d0f180200adc3cf8ce1050ea1</id><parent/><reference_amount>0</reference_amount><reference_currency display_value="USD">USD</reference_currency><sys_created_by>admin</sys_created_by><sys_created_on>2015-05-27 13:06:34</sys_created_on><sys_id>9ae6ee5d0f180200adc3cf8ce1050ed7</sys_id><sys_mod_count>0</sys_mod_count><sys_updated_by>admin</sys_updated_by><sys_updated_on>2015-05-27 13:06:34</sys_updated_on><table>question_choice</table><type>calculated</type></fx_price><fx_price action="INSERT_OR_UPDATE"><amount>0</amount><currency display_value="USD">USD</currency><field>rec_misc</field><id>f0e6ee5d0f180200adc3cf8ce1050ea1</id><parent/><reference_amount>0</reference_amount><reference_currency display_value="USD">USD</reference_currency><sys_created_by>admin</sys_created_by><sys_created_on>2015-05-27 13:06:34</sys_created_on><sys_id>5ae6ee5d0f180200adc3cf8ce1050ed7</sys_id><sys_mod_count>0</sys_mod_count><sys_updated_by>admin</sys_updated_by><sys_updated_on>2015-05-27 13:06:34</sys_updated_on><table>question_choice</table><type>calculated</type></fx_price></record_update>]]></payload>
<remote_update_set display_value="HadoopBigData">5d57229d0f180200adc3cf8ce1050ea0</remote_update_set>
<replace_on_upgrade>false</replace_on_upgrade>
<sys_created_by>admin</sys_created_by>
<sys_created_on>2015-05-27 13:08:25</sys_created_on>
<sys_id>9957229d0f180200adc3cf8ce1050ea1</sys_id>
<sys_mod_count>0</sys_mod_count>
<sys_updated_by>admin</sys_updated_by>
<sys_updated_on>2015-05-27 13:08:25</sys_updated_on>
<table/>
<target_name>High Performance</target_name>
<type>Question Choice</type>
<update_domain>global                          </update_domain>
<update_set display_value=""/>
<view/>
</sys_update_xml>
<sys_update_xml action="INSERT_OR_UPDATE">
<action>INSERT_OR_UPDATE</action>
<application display_value="RightScaleCloudManagement">adee18db0f61f100bad2fc5be1050e29</application>
<category>customer</category>
<comments/>
<name>item_option_new_2296ee5d0f180200adc3cf8ce1050e27</name>
<payload><![CDATA[<?xml version="1.0" encoding="UTF-8"?><record_update table="item_option_new"><item_option_new action="INSERT_OR_UPDATE"><active>true</active><attributes/><cat_item display_value="Hadoop Big Data">d416265d0f180200adc3cf8ce1050e2b</cat_item><category/><choice_direction>down</choice_direction><choice_field/><choice_table/><create_roles/><default_html_value/><default_value>Standard Performance</default_value><delete_roles/><delivery_plan/><description/><display_title>false</display_title><do_not_select_first>false</do_not_select_first><dynamic_default_value/><dynamic_ref_qual/><field/><global>false</global><help_tag>More information</help_tag><help_text/><include_none>false</include_none><layout>normal</layout><list_table/><lookup_label/><lookup_price/><lookup_table/><lookup_unique>false</lookup_unique><lookup_value/><macro/><mandatory>false</mandatory><map_to_field>false</map_to_field><mask_use_confirmation>false</mask_use_confirmation><mask_use_encryption>false</mask_use_encryption><name>param_instancetype</name><order>24</order><price_if_checked>0</price_if_checked><pricing_implications>false</pricing_implications><question_text>Server Performance Level</question_text><read_roles/><rec_lookup_price/><rec_price_if_checked>0</rec_price_if_checked><record/><record_producer_table/><reference/><reference_qual/><reference_qual_condition/><scale_max>5</scale_max><scale_min>0</scale_min><show_help>false</show_help><summary_macro/><sys_class_name>item_option_new</sys_class_name><sys_created_by>admin</sys_created_by><sys_created_on>2015-05-27 13:05:31</sys_created_on><sys_customer_update>true</sys_customer_update><sys_id>2296ee5d0f180200adc3cf8ce1050e27</sys_id><sys_mod_count>2</sys_mod_count><sys_name>Server Performance Level</sys_name><sys_package display_value="RightScaleCloudManagement" source="x_ris_rightscale_c">adee18db0f61f100bad2fc5be1050e29</sys_package><sys_policy/><sys_replace_on_upgrade>false</sys_replace_on_upgrade><sys_scope display_value="RightScaleCloudManagement">adee18db0f61f100bad2fc5be1050e29</sys_scope><sys_update_name>item_option_new_2296ee5d0f180200adc3cf8ce1050e27</sys_update_name><sys_updated_by>admin</sys_updated_by><sys_updated_on>2015-05-27 13:06:52</sys_updated_on><table/><type>5</type><ui_page/><use_dynamic_default>false</use_dynamic_default><use_reference_qualifier>simple</use_reference_qualifier><variable_name/><variable_set/><visibility>1</visibility><visible_bundle>true</visible_bundle><visible_guide>true</visible_guide><visible_standalone>true</visible_standalone><visible_summary>true</visible_summary><write_roles/></item_option_new><sys_translated_text action="delete_multiple" query="documentkey=2296ee5d0f180200adc3cf8ce1050e27"/></record_update>]]></payload>
<remote_update_set display_value="HadoopBigData">5d57229d0f180200adc3cf8ce1050ea0</remote_update_set>
<replace_on_upgrade>false</replace_on_upgrade>
<sys_created_by>admin</sys_created_by>
<sys_created_on>2015-05-27 13:08:25</sys_created_on>
<sys_id>9d57229d0f180200adc3cf8ce1050ea0</sys_id>
<sys_mod_count>0</sys_mod_count>
<sys_updated_by>admin</sys_updated_by>
<sys_updated_on>2015-05-27 13:08:25</sys_updated_on>
<table/>
<target_name>Server Performance Level</target_name>
<type>Variable</type>
<update_domain>global</update_domain>
<update_set display_value=""/>
<view/>
</sys_update_xml>
<sys_update_xml action="INSERT_OR_UPDATE">
<action>INSERT_OR_UPDATE</action>
<application display_value="RightScaleCloudManagement">adee18db0f61f100bad2fc5be1050e29</application>
<category>customer</category>
<comments/>
<name>item_option_new_ce07629d0f180200adc3cf8ce1050e26</name>
<payload><![CDATA[<?xml version="1.0" encoding="UTF-8"?><record_update table="item_option_new"><item_option_new action="INSERT_OR_UPDATE"><active>true</active><attributes/><cat_item display_value="Hadoop Big Data">d416265d0f180200adc3cf8ce1050e2b</cat_item><category/><choice_direction>down</choice_direction><choice_field/><choice_table/><create_roles/><default_html_value/><default_value>1</default_value><delete_roles/><delivery_plan/><description/><display_title>false</display_title><do_not_select_first>false</do_not_select_first><dynamic_default_value/><dynamic_ref_qual/><field/><global>false</global><help_tag>More information</help_tag><help_text/><include_none>false</include_none><layout>normal</layout><list_table/><lookup_label/><lookup_price/><lookup_table/><lookup_unique>false</lookup_unique><lookup_value/><macro/><mandatory>false</mandatory><map_to_field>false</map_to_field><mask_use_confirmation>false</mask_use_confirmation><mask_use_encryption>false</mask_use_encryption><name>param_qty</name><order/><price_if_checked>0</price_if_checked><pricing_implications>false</pricing_implications><question_text>Number of Data Nodes in the Cluster</question_text><read_roles/><rec_lookup_price/><rec_price_if_checked>0</rec_price_if_checked><record/><record_producer_table/><reference/><reference_qual/><reference_qual_condition/><scale_max>4</scale_max><scale_min>1</scale_min><show_help>false</show_help><summary_macro/><sys_class_name>item_option_new</sys_class_name><sys_created_by>admin</sys_created_by><sys_created_on>2015-05-27 13:07:49</sys_created_on><sys_customer_update>true</sys_customer_update><sys_id>ce07629d0f180200adc3cf8ce1050e26</sys_id><sys_mod_count>0</sys_mod_count><sys_name>Number of Data Nodes in the Cluster</sys_name><sys_package display_value="RightScaleCloudManagement" source="x_ris_rightscale_c">adee18db0f61f100bad2fc5be1050e29</sys_package><sys_policy/><sys_replace_on_upgrade>false</sys_replace_on_upgrade><sys_scope display_value="RightScaleCloudManagement">adee18db0f61f100bad2fc5be1050e29</sys_scope><sys_update_name>item_option_new_ce07629d0f180200adc3cf8ce1050e26</sys_update_name><sys_updated_by>admin</sys_updated_by><sys_updated_on>2015-05-27 13:07:49</sys_updated_on><table/><type>4</type><ui_page/><use_dynamic_default>false</use_dynamic_default><use_reference_qualifier>simple</use_reference_qualifier><variable_name/><variable_set/><visibility>1</visibility><visible_bundle>true</visible_bundle><visible_guide>true</visible_guide><visible_standalone>true</visible_standalone><visible_summary>true</visible_summary><write_roles/></item_option_new><sys_translated_text action="delete_multiple" query="documentkey=ce07629d0f180200adc3cf8ce1050e26"/></record_update>]]></payload>
<remote_update_set display_value="HadoopBigData">5d57229d0f180200adc3cf8ce1050ea0</remote_update_set>
<replace_on_upgrade>false</replace_on_upgrade>
<sys_created_by>admin</sys_created_by>
<sys_created_on>2015-05-27 13:08:25</sys_created_on>
<sys_id>d157229d0f180200adc3cf8ce1050ea1</sys_id>
<sys_mod_count>0</sys_mod_count>
<sys_updated_by>admin</sys_updated_by>
<sys_updated_on>2015-05-27 13:08:25</sys_updated_on>
<table/>
<target_name>Number of Data Nodes in the Cluster</target_name>
<type>Variable</type>
<update_domain>global                          </update_domain>
<update_set display_value=""/>
<view/>
</sys_update_xml>
<sys_update_xml action="INSERT_OR_UPDATE">
<action>INSERT_OR_UPDATE</action>
<application display_value="RightScaleCloudManagement">adee18db0f61f100bad2fc5be1050e29</application>
<category>customer</category>
<comments/>
<name>question_choice_2c16ae5d0f180200adc3cf8ce1050eeb</name>
<payload><![CDATA[<?xml version="1.0" encoding="UTF-8"?><record_update table="question_choice"><question_choice action="INSERT_OR_UPDATE"><misc>0</misc><order>100</order><question display_value="Schedule name">5c16265d0f180200adc3cf8ce1050e2c</question><rec_misc>0</rec_misc><sys_class_name>question_choice</sys_class_name><sys_created_by>admin</sys_created_by><sys_created_on>2015-05-27 13:02:54</sys_created_on><sys_customer_update>true</sys_customer_update><sys_id>2c16ae5d0f180200adc3cf8ce1050eeb</sys_id><sys_mod_count>0</sys_mod_count><sys_name>Always On</sys_name><sys_package display_value="RightScaleCloudManagement" source="x_ris_rightscale_c">adee18db0f61f100bad2fc5be1050e29</sys_package><sys_policy/><sys_replace_on_upgrade>false</sys_replace_on_upgrade><sys_scope display_value="RightScaleCloudManagement">adee18db0f61f100bad2fc5be1050e29</sys_scope><sys_update_name>question_choice_2c16ae5d0f180200adc3cf8ce1050eeb</sys_update_name><sys_updated_by>admin</sys_updated_by><sys_updated_on>2015-05-27 13:02:54</sys_updated_on><text>Always On</text><value> </value></question_choice><fx_price action="delete_multiple" query="id=2c16ae5d0f180200adc3cf8ce1050eeb"/><fx_price action="INSERT_OR_UPDATE"><amount>0</amount><currency display_value="USD">USD</currency><field>misc</field><id>2c16ae5d0f180200adc3cf8ce1050eeb</id><parent/><reference_amount>0</reference_amount><reference_currency display_value="USD">USD</reference_currency><sys_created_by>admin</sys_created_by><sys_created_on>2015-05-27 13:02:54</sys_created_on><sys_id>2016ae5d0f180200adc3cf8ce1050eec</sys_id><sys_mod_count>0</sys_mod_count><sys_updated_by>admin</sys_updated_by><sys_updated_on>2015-05-27 13:02:54</sys_updated_on><table>question_choice</table><type>calculated</type></fx_price><fx_price action="INSERT_OR_UPDATE"><amount>0</amount><currency display_value="USD">USD</currency><field>rec_misc</field><id>2c16ae5d0f180200adc3cf8ce1050eeb</id><parent/><reference_amount>0</reference_amount><reference_currency display_value="USD">USD</reference_currency><sys_created_by>admin</sys_created_by><sys_created_on>2015-05-27 13:02:54</sys_created_on><sys_id>ec16ae5d0f180200adc3cf8ce1050eeb</sys_id><sys_mod_count>0</sys_mod_count><sys_updated_by>admin</sys_updated_by><sys_updated_on>2015-05-27 13:02:54</sys_updated_on><table>question_choice</table><type>calculated</type></fx_price></record_update>]]></payload>
<remote_update_set display_value="HadoopBigData">5d57229d0f180200adc3cf8ce1050ea0</remote_update_set>
<replace_on_upgrade>false</replace_on_upgrade>
<sys_created_by>admin</sys_created_by>
<sys_created_on>2015-05-27 13:08:25</sys_created_on>
<sys_id>d557229d0f180200adc3cf8ce1050ea1</sys_id>
<sys_mod_count>0</sys_mod_count>
<sys_updated_by>admin</sys_updated_by>
<sys_updated_on>2015-05-27 13:08:25</sys_updated_on>
<table/>
<target_name>Always On</target_name>
<type>Question Choice</type>
<update_domain>global                          </update_domain>
<update_set display_value=""/>
<view/>
</sys_update_xml>
<sys_update_xml action="INSERT_OR_UPDATE">
<action>INSERT_OR_UPDATE</action>
<application display_value="RightScaleCloudManagement">adee18db0f61f100bad2fc5be1050e29</application>
<category>customer</category>
<comments/>
<name>sc_cat_item_b7140a094fd771001816e321a310c7f0</name>
<payload><![CDATA[<?xml version="1.0" encoding="UTF-8"?><record_update table="sc_cat_item"><sc_cat_item action="INSERT_OR_UPDATE"><active>true</active><availability>on_desktop</availability><billable>false</billable><category/><cost>0</cost><custom_cart/><delivery_plan/><delivery_plan_script/><delivery_time>1970-01-03 00:00:00</delivery_time><description/><entitlement_script/><group/><icon/><ignore_price>true</ignore_price><image/><list_price>0.00</list_price><location/><meta/><mobile_hide_price>false</mobile_hide_price><mobile_picture/><mobile_picture_type>use_desktop_picture</mobile_picture_type><model/><name>Copy of Launch Application</name><no_cart>false</no_cart><no_order>false</no_order><no_order_now>false</no_order_now><no_proceed_checkout>false</no_proceed_checkout><no_quantity>false</no_quantity><no_search>false</no_search><omit_price>false</omit_price><order>0</order><ordered_item_link/><picture/><preview>JavaScript: popupOpenStandard("./com.glideapp.servicecatalog_cat_item_view.do?v=1&amp;sysparm_id=d416265d0f180200adc3cf8ce1050e2b&amp;sysparm_preview=true", "summary");</preview><price>0</price><recurring_frequency/><recurring_price>0.00</recurring_price><roles/><sc_catalogs>e0d08b13c3330100c8b837659bba8fb4</sc_catalogs><sc_ic_item_staging/><sc_ic_version/><short_description/><start_closed>false</start_closed><sys_class_name>sc_cat_item</sys_class_name><sys_created_by>admin</sys_created_by><sys_created_on>2015-05-27 13:02:53</sys_created_on><sys_customer_update>true</sys_customer_update><sys_id>d416265d0f180200adc3cf8ce1050e2b</sys_id><sys_mod_count>0</sys_mod_count><sys_name>Launch Application</sys_name><sys_package display_value="RightScaleCloudManagement" source="x_ris_rightscale_c">adee18db0f61f100bad2fc5be1050e29</sys_package><sys_policy/><sys_replace_on_upgrade>false</sys_replace_on_upgrade><sys_scope display_value="RightScaleCloudManagement">adee18db0f61f100bad2fc5be1050e29</sys_scope><sys_update_name>sc_cat_item_b7140a094fd771001816e321a310c7f0</sys_update_name><sys_updated_by>admin</sys_updated_by><sys_updated_on>2015-05-27 13:02:53</sys_updated_on><template/><type>item</type><use_sc_layout>true</use_sc_layout><vendor/><visible_bundle>true</visible_bundle><visible_guide>true</visible_guide><visible_standalone>true</visible_standalone><workflow display_value="Self-Service Launch Application">74ee3c2a0f96b500bad2fc5be1050eb4</workflow></sc_cat_item><sys_translated_text action="delete_multiple" query="documentkey=d416265d0f180200adc3cf8ce1050e2b"/><fx_price action="delete_multiple" query="id=d416265d0f180200adc3cf8ce1050e2b"/><fx_price action="INSERT_OR_UPDATE"><amount>0</amount><currency display_value="USD">USD</currency><field>price</field><id>d416265d0f180200adc3cf8ce1050e2b</id><parent/><reference_amount>0</reference_amount><reference_currency display_value="USD">USD</reference_currency><sys_created_by>admin</sys_created_by><sys_created_on>2015-05-27 13:02:53</sys_created_on><sys_id>d816265d0f180200adc3cf8ce1050e2b</sys_id><sys_mod_count>0</sys_mod_count><sys_updated_by>admin</sys_updated_by><sys_updated_on>2015-05-27 13:02:53</sys_updated_on><table>sc_cat_item</table><type>calculated</type></fx_price></record_update>]]></payload>
<remote_update_set display_value="HadoopBigData">5d57229d0f180200adc3cf8ce1050ea0</remote_update_set>
<replace_on_upgrade>false</replace_on_upgrade>
<sys_created_by>admin</sys_created_by>
<sys_created_on>2015-05-27 13:08:25</sys_created_on>
<sys_id>d957229d0f180200adc3cf8ce1050ea1</sys_id>
<sys_mod_count>0</sys_mod_count>
<sys_updated_by>admin</sys_updated_by>
<sys_updated_on>2015-05-27 13:08:25</sys_updated_on>
<table/>
<target_name>Copy of Launch Application</target_name>
<type>Catalog Item</type>
<update_domain>global</update_domain>
<update_set display_value=""/>
<view/>
</sys_update_xml>
<sys_update_xml action="INSERT_OR_UPDATE">
<action>INSERT_OR_UPDATE</action>
<application display_value="RightScaleCloudManagement">adee18db0f61f100bad2fc5be1050e29</application>
<category>customer</category>
<comments/>
<name>item_option_new_4336ee5d0f180200adc3cf8ce1050e25</name>
<payload><![CDATA[<?xml version="1.0" encoding="UTF-8"?><record_update table="item_option_new"><item_option_new action="INSERT_OR_UPDATE"><active>true</active><attributes/><cat_item display_value="Hadoop Big Data">d416265d0f180200adc3cf8ce1050e2b</cat_item><category/><choice_direction>down</choice_direction><choice_field/><choice_table/><create_roles/><default_html_value/><default_value>AWS</default_value><delete_roles/><delivery_plan/><description/><display_title>false</display_title><do_not_select_first>false</do_not_select_first><dynamic_default_value/><dynamic_ref_qual/><field/><global>false</global><help_tag>More information</help_tag><help_text/><include_none>false</include_none><layout>normal</layout><list_table/><lookup_label/><lookup_price/><lookup_table/><lookup_unique>false</lookup_unique><lookup_value/><macro/><mandatory>false</mandatory><map_to_field>false</map_to_field><mask_use_confirmation>false</mask_use_confirmation><mask_use_encryption>false</mask_use_encryption><name>param_location</name><order>22</order><price_if_checked>0</price_if_checked><pricing_implications>false</pricing_implications><question_text>Cloud</question_text><read_roles/><rec_lookup_price/><rec_price_if_checked>0</rec_price_if_checked><record/><record_producer_table/><reference/><reference_qual/><reference_qual_condition/><scale_max>5</scale_max><scale_min>0</scale_min><show_help>false</show_help><summary_macro/><sys_class_name>item_option_new</sys_class_name><sys_created_by>admin</sys_created_by><sys_created_on>2015-05-27 13:04:00</sys_created_on><sys_customer_update>true</sys_customer_update><sys_id>4336ee5d0f180200adc3cf8ce1050e25</sys_id><sys_mod_count>2</sys_mod_count><sys_name>Cloud</sys_name><sys_package display_value="RightScaleCloudManagement" source="x_ris_rightscale_c">adee18db0f61f100bad2fc5be1050e29</sys_package><sys_policy/><sys_replace_on_upgrade>false</sys_replace_on_upgrade><sys_scope display_value="RightScaleCloudManagement">adee18db0f61f100bad2fc5be1050e29</sys_scope><sys_update_name>item_option_new_4336ee5d0f180200adc3cf8ce1050e25</sys_update_name><sys_updated_by>admin</sys_updated_by><sys_updated_on>2015-05-27 13:04:53</sys_updated_on><table/><type>5</type><ui_page/><use_dynamic_default>false</use_dynamic_default><use_reference_qualifier>simple</use_reference_qualifier><variable_name/><variable_set/><visibility>1</visibility><visible_bundle>true</visible_bundle><visible_guide>true</visible_guide><visible_standalone>true</visible_standalone><visible_summary>true</visible_summary><write_roles/></item_option_new><sys_translated_text action="delete_multiple" query="documentkey=4336ee5d0f180200adc3cf8ce1050e25"/></record_update>]]></payload>
<remote_update_set display_value="HadoopBigData">5d57229d0f180200adc3cf8ce1050ea0</remote_update_set>
<replace_on_upgrade>false</replace_on_upgrade>
<sys_created_by>admin</sys_created_by>
<sys_created_on>2015-05-27 13:08:25</sys_created_on>
<sys_id>dd57229d0f180200adc3cf8ce1050ea0</sys_id>
<sys_mod_count>0</sys_mod_count>
<sys_updated_by>admin</sys_updated_by>
<sys_updated_on>2015-05-27 13:08:25</sys_updated_on>
<table/>
<target_name>Cloud</target_name>
<type>Variable</type>
<update_domain>global</update_domain>
<update_set display_value=""/>
<view/>
</sys_update_xml>
</unload>
