<?xml version="1.0" encoding="UTF-8"?>
<unload unload_date="2015-05-27 13:31:53">
<sys_remote_update_set action="INSERT_OR_UPDATE">
<application display_value="RightScaleCloudManagement">adee18db0f61f100bad2fc5be1050e29</application>
<application_name>RightScaleCloudManagement</application_name>
<application_scope>x_ris_rightscale_c</application_scope>
<application_version>1.0.0</application_version>
<collisions/>
<commit_date/>
<deleted/>
<description>Automatically created by the system</description>
<inserted/>
<name>HadoopBigData_pt2</name>
<origin_sys_id/>
<release_date/>
<remote_sys_id>fb7cea9d0f180200adc3cf8ce1050e61</remote_sys_id>
<state>loaded</state>
<summary/>
<sys_created_by>admin</sys_created_by>
<sys_created_on>2015-05-27 13:31:53</sys_created_on>
<sys_id>89bcea9d0f180200adc3cf8ce1050ee4</sys_id>
<sys_mod_count>0</sys_mod_count>
<sys_updated_by>admin</sys_updated_by>
<sys_updated_on>2015-05-27 13:31:53</sys_updated_on>
<update_set display_value=""/>
<update_source display_value=""/>
<updated/>
</sys_remote_update_set>
<sys_update_xml action="INSERT_OR_UPDATE">
<action>INSERT_OR_UPDATE</action>
<application display_value="RightScaleCloudManagement">adee18db0f61f100bad2fc5be1050e29</application>
<category>customer</category>
<comments/>
<name>item_option_new_ce07629d0f180200adc3cf8ce1050e26</name>
<payload><![CDATA[<?xml version="1.0" encoding="UTF-8"?><record_update table="item_option_new"><item_option_new action="INSERT_OR_UPDATE"><active>true</active><attributes/><cat_item display_value="Hadoop Big Data">d416265d0f180200adc3cf8ce1050e2b</cat_item><category/><choice_direction>down</choice_direction><choice_field/><choice_table/><create_roles/><default_html_value/><default_value>1</default_value><delete_roles/><delivery_plan/><description/><display_title>false</display_title><do_not_select_first>false</do_not_select_first><dynamic_default_value/><dynamic_ref_qual/><field/><global>false</global><help_tag>More information</help_tag><help_text/><include_none>false</include_none><layout>normal</layout><list_table/><lookup_label/><lookup_price/><lookup_table/><lookup_unique>false</lookup_unique><lookup_value/><macro/><mandatory>false</mandatory><map_to_field>false</map_to_field><mask_use_confirmation>false</mask_use_confirmation><mask_use_encryption>false</mask_use_encryption><name>param_qty</name><order>26</order><price_if_checked>0</price_if_checked><pricing_implications>false</pricing_implications><question_text>Number of Data Nodes in the Cluster</question_text><read_roles/><rec_lookup_price/><rec_price_if_checked>0</rec_price_if_checked><record/><record_producer_table/><reference/><reference_qual/><reference_qual_condition/><scale_max>4</scale_max><scale_min>1</scale_min><show_help>false</show_help><summary_macro/><sys_class_name>item_option_new</sys_class_name><sys_created_by>admin</sys_created_by><sys_created_on>2015-05-27 13:07:49</sys_created_on><sys_customer_update>true</sys_customer_update><sys_id>ce07629d0f180200adc3cf8ce1050e26</sys_id><sys_mod_count>1</sys_mod_count><sys_name>Number of Data Nodes in the Cluster</sys_name><sys_package display_value="RightScaleCloudManagement" source="x_ris_rightscale_c">adee18db0f61f100bad2fc5be1050e29</sys_package><sys_policy/><sys_replace_on_upgrade>false</sys_replace_on_upgrade><sys_scope display_value="RightScaleCloudManagement">adee18db0f61f100bad2fc5be1050e29</sys_scope><sys_update_name>item_option_new_ce07629d0f180200adc3cf8ce1050e26</sys_update_name><sys_updated_by>admin</sys_updated_by><sys_updated_on>2015-05-27 13:31:23</sys_updated_on><table/><type>4</type><ui_page/><use_dynamic_default>false</use_dynamic_default><use_reference_qualifier>simple</use_reference_qualifier><variable_name/><variable_set/><visibility>1</visibility><visible_bundle>true</visible_bundle><visible_guide>true</visible_guide><visible_standalone>true</visible_standalone><visible_summary>true</visible_summary><write_roles/></item_option_new><sys_translated_text action="delete_multiple" query="documentkey=ce07629d0f180200adc3cf8ce1050e26"/></record_update>]]></payload>
<remote_update_set display_value="HadoopBigData_pt2">89bcea9d0f180200adc3cf8ce1050ee4</remote_update_set>
<replace_on_upgrade>false</replace_on_upgrade>
<sys_created_by>admin</sys_created_by>
<sys_created_on>2015-05-27 13:31:53</sys_created_on>
<sys_id>c9bcea9d0f180200adc3cf8ce1050ee4</sys_id>
<sys_mod_count>0</sys_mod_count>
<sys_updated_by>admin</sys_updated_by>
<sys_updated_on>2015-05-27 13:31:53</sys_updated_on>
<table/>
<target_name>Number of Data Nodes in the Cluster</target_name>
<type>Variable</type>
<update_domain>global                          </update_domain>
<update_set display_value=""/>
<view/>
</sys_update_xml>
</unload>
