<?xml version="1.0" encoding="UTF-8"?>
<unload unload_date="2015-05-26 13:32:01">
<sys_remote_update_set action="INSERT_OR_UPDATE">
<application display_value="RightScaleCloudManagement">adee18db0f61f100bad2fc5be1050e29</application>
<application_name>RightScaleCloudManagement</application_name>
<application_scope>x_ris_rightscale_c</application_scope>
<application_version>1.0.0</application_version>
<collisions/>
<commit_date/>
<deleted/>
<description>Automatically created by the system</description>
<inserted/>
<name>PIB_CorporateStandardWindowsServer</name>
<origin_sys_id/>
<release_date/>
<remote_sys_id>7b5f19410fd40200adc3cf8ce1050e01</remote_sys_id>
<state>loaded</state>
<summary/>
<sys_created_by>admin</sys_created_by>
<sys_created_on>2015-05-26 13:32:00</sys_created_on>
<sys_id>8123e9410fd40200adc3cf8ce1050eff</sys_id>
<sys_mod_count>0</sys_mod_count>
<sys_updated_by>admin</sys_updated_by>
<sys_updated_on>2015-05-26 13:32:00</sys_updated_on>
<update_set display_value=""/>
<update_source display_value=""/>
<updated/>
</sys_remote_update_set>
<sys_update_xml action="INSERT_OR_UPDATE">
<action>INSERT_OR_UPDATE</action>
<application display_value="RightScaleCloudManagement">adee18db0f61f100bad2fc5be1050e29</application>
<category>customer</category>
<comments/>
<name>question_choice_4d4061cd0f940200adc3cf8ce1050e57</name>
<payload><![CDATA[<?xml version="1.0" encoding="UTF-8"?><record_update table="question_choice"><question_choice action="INSERT_OR_UPDATE"><misc>0</misc><order>100</order><question display_value="Schedule name">494061cd0f940200adc3cf8ce1050e55</question><rec_misc>0</rec_misc><sys_class_name>question_choice</sys_class_name><sys_created_by>admin</sys_created_by><sys_created_on>2015-05-26 13:19:27</sys_created_on><sys_customer_update>true</sys_customer_update><sys_id>4d4061cd0f940200adc3cf8ce1050e57</sys_id><sys_mod_count>0</sys_mod_count><sys_name>Always On</sys_name><sys_package display_value="RightScaleCloudManagement" source="x_ris_rightscale_c">adee18db0f61f100bad2fc5be1050e29</sys_package><sys_policy/><sys_replace_on_upgrade>false</sys_replace_on_upgrade><sys_scope display_value="RightScaleCloudManagement">adee18db0f61f100bad2fc5be1050e29</sys_scope><sys_update_name>question_choice_4d4061cd0f940200adc3cf8ce1050e57</sys_update_name><sys_updated_by>admin</sys_updated_by><sys_updated_on>2015-05-26 13:19:27</sys_updated_on><text>Always On</text><value> </value></question_choice><fx_price action="delete_multiple" query="id=4d4061cd0f940200adc3cf8ce1050e57"/><fx_price action="INSERT_OR_UPDATE"><amount>0</amount><currency display_value="USD">USD</currency><field>misc</field><id>4d4061cd0f940200adc3cf8ce1050e57</id><parent/><reference_amount>0</reference_amount><reference_currency display_value="USD">USD</reference_currency><sys_created_by>admin</sys_created_by><sys_created_on>2015-05-26 13:19:27</sys_created_on><sys_id>414061cd0f940200adc3cf8ce1050e58</sys_id><sys_mod_count>0</sys_mod_count><sys_updated_by>admin</sys_updated_by><sys_updated_on>2015-05-26 13:19:27</sys_updated_on><table>question_choice</table><type>calculated</type></fx_price><fx_price action="INSERT_OR_UPDATE"><amount>0</amount><currency display_value="USD">USD</currency><field>rec_misc</field><id>4d4061cd0f940200adc3cf8ce1050e57</id><parent/><reference_amount>0</reference_amount><reference_currency display_value="USD">USD</reference_currency><sys_created_by>admin</sys_created_by><sys_created_on>2015-05-26 13:19:27</sys_created_on><sys_id>014061cd0f940200adc3cf8ce1050e58</sys_id><sys_mod_count>0</sys_mod_count><sys_updated_by>admin</sys_updated_by><sys_updated_on>2015-05-26 13:19:27</sys_updated_on><table>question_choice</table><type>calculated</type></fx_price></record_update>]]></payload>
<remote_update_set display_value="PIB_CorporateStandardWindowsServer">8123e9410fd40200adc3cf8ce1050eff</remote_update_set>
<replace_on_upgrade>false</replace_on_upgrade>
<sys_created_by>admin</sys_created_by>
<sys_created_on>2015-05-26 13:32:00</sys_created_on>
<sys_id>01232d410fd40200adc3cf8ce1050e00</sys_id>
<sys_mod_count>0</sys_mod_count>
<sys_updated_by>admin</sys_updated_by>
<sys_updated_on>2015-05-26 13:32:00</sys_updated_on>
<table/>
<target_name>Always On</target_name>
<type>Question Choice</type>
<update_domain>global                          </update_domain>
<update_set display_value=""/>
<view/>
</sys_update_xml>
<sys_update_xml action="INSERT_OR_UPDATE">
<action>INSERT_OR_UPDATE</action>
<application display_value="RightScaleCloudManagement">adee18db0f61f100bad2fc5be1050e29</application>
<category>customer</category>
<comments/>
<name>question_choice_aab1e9410fd40200adc3cf8ce1050ef5</name>
<payload><![CDATA[<?xml version="1.0" encoding="UTF-8"?><record_update table="question_choice"><question_choice action="INSERT_OR_UPDATE"><misc>0.00</misc><order>600</order><question display_value="Windows Server Type">2f31e5410fd40200adc3cf8ce1050ebd</question><rec_misc>0.00</rec_misc><sys_class_name>question_choice</sys_class_name><sys_created_by>admin</sys_created_by><sys_created_on>2015-05-26 13:25:54</sys_created_on><sys_customer_update>true</sys_customer_update><sys_id>aab1e9410fd40200adc3cf8ce1050ef5</sys_id><sys_mod_count>0</sys_mod_count><sys_name>Windows 2012 IIS Server</sys_name><sys_package display_value="RightScaleCloudManagement" source="x_ris_rightscale_c">adee18db0f61f100bad2fc5be1050e29</sys_package><sys_policy/><sys_replace_on_upgrade>false</sys_replace_on_upgrade><sys_scope display_value="RightScaleCloudManagement">adee18db0f61f100bad2fc5be1050e29</sys_scope><sys_update_name>question_choice_aab1e9410fd40200adc3cf8ce1050ef5</sys_update_name><sys_updated_by>admin</sys_updated_by><sys_updated_on>2015-05-26 13:25:54</sys_updated_on><text>Windows 2012 IIS Server</text><value>Windows 2012 IIS Server</value></question_choice><fx_price action="delete_multiple" query="id=aab1e9410fd40200adc3cf8ce1050ef5"/><fx_price action="INSERT_OR_UPDATE"><amount>0</amount><currency display_value="USD">USD</currency><field>misc</field><id>aab1e9410fd40200adc3cf8ce1050ef5</id><parent/><reference_amount>0</reference_amount><reference_currency display_value="USD">USD</reference_currency><sys_created_by>admin</sys_created_by><sys_created_on>2015-05-26 13:25:55</sys_created_on><sys_id>3bb129410fd40200adc3cf8ce1050e4f</sys_id><sys_mod_count>0</sys_mod_count><sys_updated_by>admin</sys_updated_by><sys_updated_on>2015-05-26 13:25:55</sys_updated_on><table>question_choice</table><type>calculated</type></fx_price><fx_price action="INSERT_OR_UPDATE"><amount>0</amount><currency display_value="USD">USD</currency><field>rec_misc</field><id>aab1e9410fd40200adc3cf8ce1050ef5</id><parent/><reference_amount>0</reference_amount><reference_currency display_value="USD">USD</reference_currency><sys_created_by>admin</sys_created_by><sys_created_on>2015-05-26 13:25:55</sys_created_on><sys_id>f7b129410fd40200adc3cf8ce1050e4f</sys_id><sys_mod_count>0</sys_mod_count><sys_updated_by>admin</sys_updated_by><sys_updated_on>2015-05-26 13:25:55</sys_updated_on><table>question_choice</table><type>calculated</type></fx_price></record_update>]]></payload>
<remote_update_set display_value="PIB_CorporateStandardWindowsServer">8123e9410fd40200adc3cf8ce1050eff</remote_update_set>
<replace_on_upgrade>false</replace_on_upgrade>
<sys_created_by>admin</sys_created_by>
<sys_created_on>2015-05-26 13:32:00</sys_created_on>
<sys_id>05232d410fd40200adc3cf8ce1050e00</sys_id>
<sys_mod_count>0</sys_mod_count>
<sys_updated_by>admin</sys_updated_by>
<sys_updated_on>2015-05-26 13:32:00</sys_updated_on>
<table/>
<target_name>Windows 2012 IIS Server</target_name>
<type>Question Choice</type>
<update_domain>global                          </update_domain>
<update_set display_value=""/>
<view/>
</sys_update_xml>
<sys_update_xml action="INSERT_OR_UPDATE">
<action>INSERT_OR_UPDATE</action>
<application display_value="RightScaleCloudManagement">adee18db0f61f100bad2fc5be1050e29</application>
<category>customer</category>
<comments/>
<name>item_option_new_2f31e5410fd40200adc3cf8ce1050ebd</name>
<payload><![CDATA[<?xml version="1.0" encoding="UTF-8"?><record_update table="item_option_new"><item_option_new action="INSERT_OR_UPDATE"><active>true</active><attributes/><cat_item display_value="Corporate Standard Windows Server">b04061cd0f940200adc3cf8ce1050e54</cat_item><category/><choice_direction>down</choice_direction><choice_field/><choice_table/><create_roles/><default_html_value/><default_value>Windows 2008R2 Base Server</default_value><delete_roles/><delivery_plan/><description/><display_title>false</display_title><do_not_select_first>false</do_not_select_first><dynamic_default_value/><dynamic_ref_qual/><field/><global>false</global><help_tag>More information</help_tag><help_text/><include_none>false</include_none><layout>normal</layout><list_table/><lookup_label/><lookup_price/><lookup_table/><lookup_unique>false</lookup_unique><lookup_value/><macro/><mandatory>false</mandatory><map_to_field>false</map_to_field><mask_use_confirmation>false</mask_use_confirmation><mask_use_encryption>false</mask_use_encryption><name>param_servertype</name><order>24</order><price_if_checked>0</price_if_checked><pricing_implications>false</pricing_implications><question_text>Windows Server Type</question_text><read_roles/><rec_lookup_price/><rec_price_if_checked>0</rec_price_if_checked><record/><record_producer_table/><reference/><reference_qual/><reference_qual_condition/><scale_max>5</scale_max><scale_min>0</scale_min><show_help>false</show_help><summary_macro/><sys_class_name>item_option_new</sys_class_name><sys_created_by>admin</sys_created_by><sys_created_on>2015-05-26 13:23:56</sys_created_on><sys_customer_update>true</sys_customer_update><sys_id>2f31e5410fd40200adc3cf8ce1050ebd</sys_id><sys_mod_count>2</sys_mod_count><sys_name>Windows Server Type</sys_name><sys_package display_value="RightScaleCloudManagement" source="x_ris_rightscale_c">adee18db0f61f100bad2fc5be1050e29</sys_package><sys_policy/><sys_replace_on_upgrade>false</sys_replace_on_upgrade><sys_scope display_value="RightScaleCloudManagement">adee18db0f61f100bad2fc5be1050e29</sys_scope><sys_update_name>item_option_new_2f31e5410fd40200adc3cf8ce1050ebd</sys_update_name><sys_updated_by>admin</sys_updated_by><sys_updated_on>2015-05-26 13:26:28</sys_updated_on><table/><type>5</type><ui_page/><use_dynamic_default>false</use_dynamic_default><use_reference_qualifier>simple</use_reference_qualifier><variable_name/><variable_set/><visibility>1</visibility><visible_bundle>true</visible_bundle><visible_guide>true</visible_guide><visible_standalone>true</visible_standalone><visible_summary>true</visible_summary><write_roles/></item_option_new><sys_translated_text action="delete_multiple" query="documentkey=2f31e5410fd40200adc3cf8ce1050ebd"/></record_update>]]></payload>
<remote_update_set display_value="PIB_CorporateStandardWindowsServer">8123e9410fd40200adc3cf8ce1050eff</remote_update_set>
<replace_on_upgrade>false</replace_on_upgrade>
<sys_created_by>admin</sys_created_by>
<sys_created_on>2015-05-26 13:32:00</sys_created_on>
<sys_id>0523e9410fd40200adc3cf8ce1050eff</sys_id>
<sys_mod_count>0</sys_mod_count>
<sys_updated_by>admin</sys_updated_by>
<sys_updated_on>2015-05-26 13:32:00</sys_updated_on>
<table/>
<target_name>Windows Server Type</target_name>
<type>Variable</type>
<update_domain>global</update_domain>
<update_set display_value=""/>
<view/>
</sys_update_xml>
<sys_update_xml action="INSERT_OR_UPDATE">
<action>INSERT_OR_UPDATE</action>
<application display_value="RightScaleCloudManagement">adee18db0f61f100bad2fc5be1050e29</application>
<category>customer</category>
<comments/>
<name>question_choice_ef11e5410fd40200adc3cf8ce1050ee6</name>
<payload><![CDATA[<?xml version="1.0" encoding="UTF-8"?><record_update table="question_choice"><question_choice action="INSERT_OR_UPDATE"><misc>0.00</misc><order>200</order><question display_value="Cloud">a8f069410fd40200adc3cf8ce1050e95</question><rec_misc>0.00</rec_misc><sys_class_name>question_choice</sys_class_name><sys_created_by>admin</sys_created_by><sys_created_on>2015-05-26 13:23:15</sys_created_on><sys_customer_update>true</sys_customer_update><sys_id>ef11e5410fd40200adc3cf8ce1050ee6</sys_id><sys_mod_count>0</sys_mod_count><sys_name>Azure</sys_name><sys_package display_value="RightScaleCloudManagement" source="x_ris_rightscale_c">adee18db0f61f100bad2fc5be1050e29</sys_package><sys_policy/><sys_replace_on_upgrade>false</sys_replace_on_upgrade><sys_scope display_value="RightScaleCloudManagement">adee18db0f61f100bad2fc5be1050e29</sys_scope><sys_update_name>question_choice_ef11e5410fd40200adc3cf8ce1050ee6</sys_update_name><sys_updated_by>admin</sys_updated_by><sys_updated_on>2015-05-26 13:23:15</sys_updated_on><text>Azure</text><value>Azure</value></question_choice><fx_price action="delete_multiple" query="id=ef11e5410fd40200adc3cf8ce1050ee6"/><fx_price action="INSERT_OR_UPDATE"><amount>0</amount><currency display_value="USD">USD</currency><field>misc</field><id>ef11e5410fd40200adc3cf8ce1050ee6</id><parent/><reference_amount>0</reference_amount><reference_currency display_value="USD">USD</reference_currency><sys_created_by>admin</sys_created_by><sys_created_on>2015-05-26 13:23:15</sys_created_on><sys_id>3821a9410fd40200adc3cf8ce1050ee7</sys_id><sys_mod_count>0</sys_mod_count><sys_updated_by>admin</sys_updated_by><sys_updated_on>2015-05-26 13:23:15</sys_updated_on><table>question_choice</table><type>calculated</type></fx_price><fx_price action="INSERT_OR_UPDATE"><amount>0</amount><currency display_value="USD">USD</currency><field>rec_misc</field><id>ef11e5410fd40200adc3cf8ce1050ee6</id><parent/><reference_amount>0</reference_amount><reference_currency display_value="USD">USD</reference_currency><sys_created_by>admin</sys_created_by><sys_created_on>2015-05-26 13:23:15</sys_created_on><sys_id>f421a9410fd40200adc3cf8ce1050ee7</sys_id><sys_mod_count>0</sys_mod_count><sys_updated_by>admin</sys_updated_by><sys_updated_on>2015-05-26 13:23:15</sys_updated_on><table>question_choice</table><type>calculated</type></fx_price></record_update>]]></payload>
<remote_update_set display_value="PIB_CorporateStandardWindowsServer">8123e9410fd40200adc3cf8ce1050eff</remote_update_set>
<replace_on_upgrade>false</replace_on_upgrade>
<sys_created_by>admin</sys_created_by>
<sys_created_on>2015-05-26 13:32:00</sys_created_on>
<sys_id>09232d410fd40200adc3cf8ce1050e00</sys_id>
<sys_mod_count>0</sys_mod_count>
<sys_updated_by>admin</sys_updated_by>
<sys_updated_on>2015-05-26 13:32:00</sys_updated_on>
<table/>
<target_name>Azure</target_name>
<type>Question Choice</type>
<update_domain>global                          </update_domain>
<update_set display_value=""/>
<view/>
</sys_update_xml>
<sys_update_xml action="INSERT_OR_UPDATE">
<action>INSERT_OR_UPDATE</action>
<application display_value="RightScaleCloudManagement">adee18db0f61f100bad2fc5be1050e29</application>
<category>customer</category>
<comments/>
<name>item_option_new_84f12d410fd40200adc3cf8ce1050e36</name>
<payload><![CDATA[<?xml version="1.0" encoding="UTF-8"?><record_update table="item_option_new"><item_option_new action="INSERT_OR_UPDATE"><active>true</active><attributes/><cat_item display_value="Corporate Standard Windows Server">b04061cd0f940200adc3cf8ce1050e54</cat_item><category/><choice_direction>down</choice_direction><choice_field/><choice_table/><create_roles/><default_html_value/><default_value>Standard Performance</default_value><delete_roles/><delivery_plan/><description/><display_title>false</display_title><do_not_select_first>false</do_not_select_first><dynamic_default_value/><dynamic_ref_qual/><field/><global>false</global><help_tag>More information</help_tag><help_text/><include_none>false</include_none><layout>normal</layout><list_table/><lookup_label/><lookup_price/><lookup_table/><lookup_unique>false</lookup_unique><lookup_value/><macro/><mandatory>false</mandatory><map_to_field>false</map_to_field><mask_use_confirmation>false</mask_use_confirmation><mask_use_encryption>false</mask_use_encryption><name>param_instancetype</name><order>26</order><price_if_checked>0</price_if_checked><pricing_implications>false</pricing_implications><question_text>Server Performance Level</question_text><read_roles/><rec_lookup_price/><rec_price_if_checked>0</rec_price_if_checked><record/><record_producer_table/><reference/><reference_qual/><reference_qual_condition/><scale_max>5</scale_max><scale_min>0</scale_min><show_help>false</show_help><summary_macro/><sys_class_name>item_option_new</sys_class_name><sys_created_by>admin</sys_created_by><sys_created_on>2015-05-26 13:27:18</sys_created_on><sys_customer_update>true</sys_customer_update><sys_id>84f12d410fd40200adc3cf8ce1050e36</sys_id><sys_mod_count>1</sys_mod_count><sys_name>Server Performance Level</sys_name><sys_package display_value="RightScaleCloudManagement" source="x_ris_rightscale_c">adee18db0f61f100bad2fc5be1050e29</sys_package><sys_policy/><sys_replace_on_upgrade>false</sys_replace_on_upgrade><sys_scope display_value="RightScaleCloudManagement">adee18db0f61f100bad2fc5be1050e29</sys_scope><sys_update_name>item_option_new_84f12d410fd40200adc3cf8ce1050e36</sys_update_name><sys_updated_by>admin</sys_updated_by><sys_updated_on>2015-05-26 13:28:21</sys_updated_on><table/><type>5</type><ui_page/><use_dynamic_default>false</use_dynamic_default><use_reference_qualifier>simple</use_reference_qualifier><variable_name/><variable_set/><visibility>1</visibility><visible_bundle>true</visible_bundle><visible_guide>true</visible_guide><visible_standalone>true</visible_standalone><visible_summary>true</visible_summary><write_roles/></item_option_new><sys_translated_text action="delete_multiple" query="documentkey=84f12d410fd40200adc3cf8ce1050e36"/></record_update>]]></payload>
<remote_update_set display_value="PIB_CorporateStandardWindowsServer">8123e9410fd40200adc3cf8ce1050eff</remote_update_set>
<replace_on_upgrade>false</replace_on_upgrade>
<sys_created_by>admin</sys_created_by>
<sys_created_on>2015-05-26 13:32:00</sys_created_on>
<sys_id>0923e9410fd40200adc3cf8ce1050eff</sys_id>
<sys_mod_count>0</sys_mod_count>
<sys_updated_by>admin</sys_updated_by>
<sys_updated_on>2015-05-26 13:32:00</sys_updated_on>
<table/>
<target_name>Server Performance Level</target_name>
<type>Variable</type>
<update_domain>global</update_domain>
<update_set display_value=""/>
<view/>
</sys_update_xml>
<sys_update_xml action="INSERT_OR_UPDATE">
<action>INSERT_OR_UPDATE</action>
<application display_value="RightScaleCloudManagement">adee18db0f61f100bad2fc5be1050e29</application>
<category>customer</category>
<comments/>
<name>question_choice_07a1e9410fd40200adc3cf8ce1050e27</name>
<payload><![CDATA[<?xml version="1.0" encoding="UTF-8"?><record_update table="question_choice"><question_choice action="INSERT_OR_UPDATE"><misc>0.00</misc><order>500</order><question display_value="Windows Server Type">2f31e5410fd40200adc3cf8ce1050ebd</question><rec_misc>0.00</rec_misc><sys_class_name>question_choice</sys_class_name><sys_created_by>admin</sys_created_by><sys_created_on>2015-05-26 13:25:41</sys_created_on><sys_customer_update>true</sys_customer_update><sys_id>07a1e9410fd40200adc3cf8ce1050e27</sys_id><sys_mod_count>0</sys_mod_count><sys_name>Windows 2012 Base Server</sys_name><sys_package display_value="RightScaleCloudManagement" source="x_ris_rightscale_c">adee18db0f61f100bad2fc5be1050e29</sys_package><sys_policy/><sys_replace_on_upgrade>false</sys_replace_on_upgrade><sys_scope display_value="RightScaleCloudManagement">adee18db0f61f100bad2fc5be1050e29</sys_scope><sys_update_name>question_choice_07a1e9410fd40200adc3cf8ce1050e27</sys_update_name><sys_updated_by>admin</sys_updated_by><sys_updated_on>2015-05-26 13:25:41</sys_updated_on><text>Windows 2012 Base Server</text><value>Windows 2012 Base Server</value></question_choice><fx_price action="delete_multiple" query="id=07a1e9410fd40200adc3cf8ce1050e27"/><fx_price action="INSERT_OR_UPDATE"><amount>0</amount><currency display_value="USD">USD</currency><field>misc</field><id>07a1e9410fd40200adc3cf8ce1050e27</id><parent/><reference_amount>0</reference_amount><reference_currency display_value="USD">USD</reference_currency><sys_created_by>admin</sys_created_by><sys_created_on>2015-05-26 13:25:41</sys_created_on><sys_id>90b1e9410fd40200adc3cf8ce1050e67</sys_id><sys_mod_count>0</sys_mod_count><sys_updated_by>admin</sys_updated_by><sys_updated_on>2015-05-26 13:25:41</sys_updated_on><table>question_choice</table><type>calculated</type></fx_price><fx_price action="INSERT_OR_UPDATE"><amount>0</amount><currency display_value="USD">USD</currency><field>rec_misc</field><id>07a1e9410fd40200adc3cf8ce1050e27</id><parent/><reference_amount>0</reference_amount><reference_currency display_value="USD">USD</reference_currency><sys_created_by>admin</sys_created_by><sys_created_on>2015-05-26 13:25:41</sys_created_on><sys_id>50b1e9410fd40200adc3cf8ce1050e67</sys_id><sys_mod_count>0</sys_mod_count><sys_updated_by>admin</sys_updated_by><sys_updated_on>2015-05-26 13:25:41</sys_updated_on><table>question_choice</table><type>calculated</type></fx_price></record_update>]]></payload>
<remote_update_set display_value="PIB_CorporateStandardWindowsServer">8123e9410fd40200adc3cf8ce1050eff</remote_update_set>
<replace_on_upgrade>false</replace_on_upgrade>
<sys_created_by>admin</sys_created_by>
<sys_created_on>2015-05-26 13:32:00</sys_created_on>
<sys_id>0d23e9410fd40200adc3cf8ce1050eff</sys_id>
<sys_mod_count>0</sys_mod_count>
<sys_updated_by>admin</sys_updated_by>
<sys_updated_on>2015-05-26 13:32:00</sys_updated_on>
<table/>
<target_name>Windows 2012 Base Server</target_name>
<type>Question Choice</type>
<update_domain>global                          </update_domain>
<update_set display_value=""/>
<view/>
</sys_update_xml>
<sys_update_xml action="INSERT_OR_UPDATE">
<action>INSERT_OR_UPDATE</action>
<application display_value="RightScaleCloudManagement">adee18db0f61f100bad2fc5be1050e29</application>
<category>customer</category>
<comments/>
<name>question_choice_4f122d410fd40200adc3cf8ce1050e7b</name>
<payload><![CDATA[<?xml version="1.0" encoding="UTF-8"?><record_update table="question_choice"><question_choice action="INSERT_OR_UPDATE"><misc>0.00</misc><order>100</order><question display_value="Server Performance Level">84f12d410fd40200adc3cf8ce1050e36</question><rec_misc>0.00</rec_misc><sys_class_name>question_choice</sys_class_name><sys_created_by>admin</sys_created_by><sys_created_on>2015-05-26 13:27:48</sys_created_on><sys_customer_update>true</sys_customer_update><sys_id>4f122d410fd40200adc3cf8ce1050e7b</sys_id><sys_mod_count>0</sys_mod_count><sys_name>Standard Performance</sys_name><sys_package display_value="RightScaleCloudManagement" source="x_ris_rightscale_c">adee18db0f61f100bad2fc5be1050e29</sys_package><sys_policy/><sys_replace_on_upgrade>false</sys_replace_on_upgrade><sys_scope display_value="RightScaleCloudManagement">adee18db0f61f100bad2fc5be1050e29</sys_scope><sys_update_name>question_choice_4f122d410fd40200adc3cf8ce1050e7b</sys_update_name><sys_updated_by>admin</sys_updated_by><sys_updated_on>2015-05-26 13:27:48</sys_updated_on><text>Standard Performance</text><value>Standard Performance</value></question_choice><fx_price action="delete_multiple" query="id=4f122d410fd40200adc3cf8ce1050e7b"/><fx_price action="INSERT_OR_UPDATE"><amount>0</amount><currency display_value="USD">USD</currency><field>misc</field><id>4f122d410fd40200adc3cf8ce1050e7b</id><parent/><reference_amount>0</reference_amount><reference_currency display_value="USD">USD</reference_currency><sys_created_by>admin</sys_created_by><sys_created_on>2015-05-26 13:27:48</sys_created_on><sys_id>d722e9410fd40200adc3cf8ce1050e2c</sys_id><sys_mod_count>0</sys_mod_count><sys_updated_by>admin</sys_updated_by><sys_updated_on>2015-05-26 13:27:48</sys_updated_on><table>question_choice</table><type>calculated</type></fx_price><fx_price action="INSERT_OR_UPDATE"><amount>0</amount><currency display_value="USD">USD</currency><field>rec_misc</field><id>4f122d410fd40200adc3cf8ce1050e7b</id><parent/><reference_amount>0</reference_amount><reference_currency display_value="USD">USD</reference_currency><sys_created_by>admin</sys_created_by><sys_created_on>2015-05-26 13:27:48</sys_created_on><sys_id>9722e9410fd40200adc3cf8ce1050e2c</sys_id><sys_mod_count>0</sys_mod_count><sys_updated_by>admin</sys_updated_by><sys_updated_on>2015-05-26 13:27:48</sys_updated_on><table>question_choice</table><type>calculated</type></fx_price></record_update>]]></payload>
<remote_update_set display_value="PIB_CorporateStandardWindowsServer">8123e9410fd40200adc3cf8ce1050eff</remote_update_set>
<replace_on_upgrade>false</replace_on_upgrade>
<sys_created_by>admin</sys_created_by>
<sys_created_on>2015-05-26 13:32:00</sys_created_on>
<sys_id>41232d410fd40200adc3cf8ce1050e00</sys_id>
<sys_mod_count>0</sys_mod_count>
<sys_updated_by>admin</sys_updated_by>
<sys_updated_on>2015-05-26 13:32:00</sys_updated_on>
<table/>
<target_name>Standard Performance</target_name>
<type>Question Choice</type>
<update_domain>global                          </update_domain>
<update_set display_value=""/>
<view/>
</sys_update_xml>
<sys_update_xml action="INSERT_OR_UPDATE">
<action>INSERT_OR_UPDATE</action>
<application display_value="RightScaleCloudManagement">adee18db0f61f100bad2fc5be1050e29</application>
<category>customer</category>
<comments/>
<name>question_choice_ba81e9410fd40200adc3cf8ce1050eab</name>
<payload><![CDATA[<?xml version="1.0" encoding="UTF-8"?><record_update table="question_choice"><question_choice action="INSERT_OR_UPDATE"><misc>0.00</misc><order>300</order><question display_value="Windows Server Type">2f31e5410fd40200adc3cf8ce1050ebd</question><rec_misc>0.00</rec_misc><sys_class_name>question_choice</sys_class_name><sys_created_by>admin</sys_created_by><sys_created_on>2015-05-26 13:25:07</sys_created_on><sys_customer_update>true</sys_customer_update><sys_id>ba81e9410fd40200adc3cf8ce1050eab</sys_id><sys_mod_count>0</sys_mod_count><sys_name>Windows 2008R2 Server with SQL 2008</sys_name><sys_package display_value="RightScaleCloudManagement" source="x_ris_rightscale_c">adee18db0f61f100bad2fc5be1050e29</sys_package><sys_policy/><sys_replace_on_upgrade>false</sys_replace_on_upgrade><sys_scope display_value="RightScaleCloudManagement">adee18db0f61f100bad2fc5be1050e29</sys_scope><sys_update_name>question_choice_ba81e9410fd40200adc3cf8ce1050eab</sys_update_name><sys_updated_by>admin</sys_updated_by><sys_updated_on>2015-05-26 13:25:07</sys_updated_on><text>Windows 2008R2 Server with SQL 2008</text><value>Windows 2008R2 Server with SQL 2008</value></question_choice><fx_price action="delete_multiple" query="id=ba81e9410fd40200adc3cf8ce1050eab"/><fx_price action="INSERT_OR_UPDATE"><amount>0</amount><currency display_value="USD">USD</currency><field>misc</field><id>ba81e9410fd40200adc3cf8ce1050eab</id><parent/><reference_amount>0</reference_amount><reference_currency display_value="USD">USD</reference_currency><sys_created_by>admin</sys_created_by><sys_created_on>2015-05-26 13:25:07</sys_created_on><sys_id>8c9129410fd40200adc3cf8ce1050e98</sys_id><sys_mod_count>0</sys_mod_count><sys_updated_by>admin</sys_updated_by><sys_updated_on>2015-05-26 13:25:07</sys_updated_on><table>question_choice</table><type>calculated</type></fx_price><fx_price action="INSERT_OR_UPDATE"><amount>0</amount><currency display_value="USD">USD</currency><field>rec_misc</field><id>ba81e9410fd40200adc3cf8ce1050eab</id><parent/><reference_amount>0</reference_amount><reference_currency display_value="USD">USD</reference_currency><sys_created_by>admin</sys_created_by><sys_created_on>2015-05-26 13:25:07</sys_created_on><sys_id>4c9129410fd40200adc3cf8ce1050e98</sys_id><sys_mod_count>0</sys_mod_count><sys_updated_by>admin</sys_updated_by><sys_updated_on>2015-05-26 13:25:07</sys_updated_on><table>question_choice</table><type>calculated</type></fx_price></record_update>]]></payload>
<remote_update_set display_value="PIB_CorporateStandardWindowsServer">8123e9410fd40200adc3cf8ce1050eff</remote_update_set>
<replace_on_upgrade>false</replace_on_upgrade>
<sys_created_by>admin</sys_created_by>
<sys_created_on>2015-05-26 13:32:00</sys_created_on>
<sys_id>45232d410fd40200adc3cf8ce1050e00</sys_id>
<sys_mod_count>0</sys_mod_count>
<sys_updated_by>admin</sys_updated_by>
<sys_updated_on>2015-05-26 13:32:00</sys_updated_on>
<table/>
<target_name>Windows 2008R2 Server with SQL 2008</target_name>
<type>Question Choice</type>
<update_domain>global                          </update_domain>
<update_set display_value=""/>
<view/>
</sys_update_xml>
<sys_update_xml action="INSERT_OR_UPDATE">
<action>INSERT_OR_UPDATE</action>
<application display_value="RightScaleCloudManagement">adee18db0f61f100bad2fc5be1050e29</application>
<category>customer</category>
<comments/>
<name>item_option_new_3a522d410fd40200adc3cf8ce1050ee2</name>
<payload><![CDATA[<?xml version="1.0" encoding="UTF-8"?><record_update table="item_option_new"><item_option_new action="INSERT_OR_UPDATE"><active>true</active><attributes/><cat_item display_value="Corporate Standard Windows Server">b04061cd0f940200adc3cf8ce1050e54</cat_item><category/><choice_direction>down</choice_direction><choice_field/><choice_table/><create_roles/><default_html_value/><default_value/><delete_roles/><delivery_plan/><description/><display_title>false</display_title><do_not_select_first>false</do_not_select_first><dynamic_default_value/><dynamic_ref_qual/><field/><global>false</global><help_tag>More information</help_tag><help_text/><include_none>false</include_none><layout>normal</layout><list_table/><lookup_label/><lookup_price/><lookup_table/><lookup_unique>false</lookup_unique><lookup_value/><macro/><mandatory>false</mandatory><map_to_field>false</map_to_field><mask_use_confirmation>false</mask_use_confirmation><mask_use_encryption>false</mask_use_encryption><name>param_username</name><order>28</order><price_if_checked>0</price_if_checked><pricing_implications>false</pricing_implications><question_text>Windows Username</question_text><read_roles/><rec_lookup_price/><rec_price_if_checked>0</rec_price_if_checked><record/><record_producer_table/><reference/><reference_qual/><reference_qual_condition/><scale_max>5</scale_max><scale_min>0</scale_min><show_help>false</show_help><summary_macro/><sys_class_name>item_option_new</sys_class_name><sys_created_by>admin</sys_created_by><sys_created_on>2015-05-26 13:28:54</sys_created_on><sys_customer_update>true</sys_customer_update><sys_id>3a522d410fd40200adc3cf8ce1050ee2</sys_id><sys_mod_count>1</sys_mod_count><sys_name>Windows Username</sys_name><sys_package display_value="RightScaleCloudManagement" source="x_ris_rightscale_c">adee18db0f61f100bad2fc5be1050e29</sys_package><sys_policy/><sys_replace_on_upgrade>false</sys_replace_on_upgrade><sys_scope display_value="RightScaleCloudManagement">adee18db0f61f100bad2fc5be1050e29</sys_scope><sys_update_name>item_option_new_3a522d410fd40200adc3cf8ce1050ee2</sys_update_name><sys_updated_by>admin</sys_updated_by><sys_updated_on>2015-05-26 13:30:51</sys_updated_on><table/><type>6</type><ui_page/><use_dynamic_default>false</use_dynamic_default><use_reference_qualifier>simple</use_reference_qualifier><variable_name/><variable_set/><visibility>1</visibility><visible_bundle>true</visible_bundle><visible_guide>true</visible_guide><visible_standalone>true</visible_standalone><visible_summary>true</visible_summary><write_roles/></item_option_new><sys_translated_text action="delete_multiple" query="documentkey=3a522d410fd40200adc3cf8ce1050ee2"/></record_update>]]></payload>
<remote_update_set display_value="PIB_CorporateStandardWindowsServer">8123e9410fd40200adc3cf8ce1050eff</remote_update_set>
<replace_on_upgrade>false</replace_on_upgrade>
<sys_created_by>admin</sys_created_by>
<sys_created_on>2015-05-26 13:32:00</sys_created_on>
<sys_id>4523e9410fd40200adc3cf8ce1050eff</sys_id>
<sys_mod_count>0</sys_mod_count>
<sys_updated_by>admin</sys_updated_by>
<sys_updated_on>2015-05-26 13:32:00</sys_updated_on>
<table/>
<target_name>Windows Username</target_name>
<type>Variable</type>
<update_domain>global</update_domain>
<update_set display_value=""/>
<view/>
</sys_update_xml>
<sys_update_xml action="INSERT_OR_UPDATE">
<action>INSERT_OR_UPDATE</action>
<application display_value="RightScaleCloudManagement">adee18db0f61f100bad2fc5be1050e29</application>
<category>customer</category>
<comments/>
<name>sc_cat_item_b04061cd0f940200adc3cf8ce1050e54</name>
<payload><![CDATA[<?xml version="1.0" encoding="UTF-8"?><record_update table="sc_cat_item"><sc_cat_item action="INSERT_OR_UPDATE"><active>true</active><availability>on_desktop</availability><billable>false</billable><category/><cost>0</cost><custom_cart/><delivery_plan/><delivery_plan_script/><delivery_time>1970-01-03 00:00:00</delivery_time><description/><entitlement_script/><group/><icon/><ignore_price>true</ignore_price><image/><list_price>0</list_price><location/><meta/><mobile_hide_price>false</mobile_hide_price><mobile_picture/><mobile_picture_type>use_desktop_picture</mobile_picture_type><model/><name>Corporate Standard Windows Server</name><no_cart>false</no_cart><no_order>false</no_order><no_order_now>false</no_order_now><no_proceed_checkout>false</no_proceed_checkout><no_quantity>false</no_quantity><no_search>false</no_search><omit_price>false</omit_price><order>0</order><ordered_item_link/><picture/><preview>JavaScript: popupOpenStandard("./com.glideapp.servicecatalog_cat_item_view.do?v=1&amp;sysparm_id=b04061cd0f940200adc3cf8ce1050e54&amp;sysparm_preview=true", "summary");</preview><price>0.00</price><recurring_frequency/><recurring_price>0.00</recurring_price><roles/><sc_catalogs>e0d08b13c3330100c8b837659bba8fb4</sc_catalogs><sc_ic_item_staging/><sc_ic_version/><short_description/><start_closed>false</start_closed><sys_class_name>sc_cat_item</sys_class_name><sys_created_by>admin</sys_created_by><sys_created_on>2015-05-26 13:19:26</sys_created_on><sys_customer_update>true</sys_customer_update><sys_id>b04061cd0f940200adc3cf8ce1050e54</sys_id><sys_mod_count>1</sys_mod_count><sys_name>Corporate Standard Windows Server</sys_name><sys_package display_value="RightScaleCloudManagement" source="x_ris_rightscale_c">adee18db0f61f100bad2fc5be1050e29</sys_package><sys_policy/><sys_replace_on_upgrade>false</sys_replace_on_upgrade><sys_scope display_value="RightScaleCloudManagement">adee18db0f61f100bad2fc5be1050e29</sys_scope><sys_update_name>sc_cat_item_b04061cd0f940200adc3cf8ce1050e54</sys_update_name><sys_updated_by>admin</sys_updated_by><sys_updated_on>2015-05-26 13:19:54</sys_updated_on><template/><type>item</type><use_sc_layout>true</use_sc_layout><vendor/><visible_bundle>true</visible_bundle><visible_guide>true</visible_guide><visible_standalone>true</visible_standalone><workflow display_value="Self-Service Launch Application">74ee3c2a0f96b500bad2fc5be1050eb4</workflow></sc_cat_item><sys_translated_text action="delete_multiple" query="documentkey=b04061cd0f940200adc3cf8ce1050e54"/><fx_price action="delete_multiple" query="id=b04061cd0f940200adc3cf8ce1050e54"/><fx_price action="INSERT_OR_UPDATE"><amount>0</amount><currency display_value="USD">USD</currency><field>price</field><id>b04061cd0f940200adc3cf8ce1050e54</id><parent/><reference_amount>0</reference_amount><reference_currency display_value="USD">USD</reference_currency><sys_created_by>admin</sys_created_by><sys_created_on>2015-05-26 13:19:26</sys_created_on><sys_id>b44061cd0f940200adc3cf8ce1050e54</sys_id><sys_mod_count>0</sys_mod_count><sys_updated_by>admin</sys_updated_by><sys_updated_on>2015-05-26 13:19:26</sys_updated_on><table>sc_cat_item</table><type>calculated</type></fx_price><fx_price action="INSERT_OR_UPDATE"><amount>0</amount><currency display_value="USD">USD</currency><field>recurring_price</field><id>b04061cd0f940200adc3cf8ce1050e54</id><parent/><reference_amount>0</reference_amount><reference_currency display_value="USD">USD</reference_currency><sys_created_by>admin</sys_created_by><sys_created_on>2015-05-26 13:19:26</sys_created_on><sys_id>384061cd0f940200adc3cf8ce1050e54</sys_id><sys_mod_count>0</sys_mod_count><sys_updated_by>admin</sys_updated_by><sys_updated_on>2015-05-26 13:19:26</sys_updated_on><table>sc_cat_item</table><type>calculated</type></fx_price></record_update>]]></payload>
<remote_update_set display_value="PIB_CorporateStandardWindowsServer">8123e9410fd40200adc3cf8ce1050eff</remote_update_set>
<replace_on_upgrade>false</replace_on_upgrade>
<sys_created_by>admin</sys_created_by>
<sys_created_on>2015-05-26 13:32:00</sys_created_on>
<sys_id>49232d410fd40200adc3cf8ce1050e00</sys_id>
<sys_mod_count>0</sys_mod_count>
<sys_updated_by>admin</sys_updated_by>
<sys_updated_on>2015-05-26 13:32:00</sys_updated_on>
<table/>
<target_name>Corporate Standard Windows Server</target_name>
<type>Catalog Item</type>
<update_domain>global</update_domain>
<update_set display_value=""/>
<view/>
</sys_update_xml>
<sys_update_xml action="INSERT_OR_UPDATE">
<action>INSERT_OR_UPDATE</action>
<application display_value="RightScaleCloudManagement">adee18db0f61f100bad2fc5be1050e29</application>
<category>customer</category>
<comments/>
<name>item_option_new_a8f069410fd40200adc3cf8ce1050e95</name>
<payload><![CDATA[<?xml version="1.0" encoding="UTF-8"?><record_update table="item_option_new"><item_option_new action="INSERT_OR_UPDATE"><active>true</active><attributes/><cat_item display_value="Corporate Standard Windows Server">b04061cd0f940200adc3cf8ce1050e54</cat_item><category/><choice_direction>down</choice_direction><choice_field/><choice_table/><create_roles/><default_html_value/><default_value>Azure</default_value><delete_roles/><delivery_plan/><description/><display_title>false</display_title><do_not_select_first>false</do_not_select_first><dynamic_default_value/><dynamic_ref_qual/><field/><global>false</global><help_tag>More information</help_tag><help_text/><include_none>false</include_none><layout>normal</layout><list_table/><lookup_label/><lookup_price/><lookup_table/><lookup_unique>false</lookup_unique><lookup_value/><macro/><mandatory>false</mandatory><map_to_field>false</map_to_field><mask_use_confirmation>false</mask_use_confirmation><mask_use_encryption>false</mask_use_encryption><name>param_location</name><order>22</order><price_if_checked>0</price_if_checked><pricing_implications>false</pricing_implications><question_text>Cloud</question_text><read_roles/><rec_lookup_price/><rec_price_if_checked>0</rec_price_if_checked><record/><record_producer_table/><reference/><reference_qual/><reference_qual_condition/><scale_max>5</scale_max><scale_min>0</scale_min><show_help>false</show_help><summary_macro/><sys_class_name>item_option_new</sys_class_name><sys_created_by>admin</sys_created_by><sys_created_on>2015-05-26 13:22:41</sys_created_on><sys_customer_update>true</sys_customer_update><sys_id>a8f069410fd40200adc3cf8ce1050e95</sys_id><sys_mod_count>1</sys_mod_count><sys_name>Cloud</sys_name><sys_package display_value="RightScaleCloudManagement" source="x_ris_rightscale_c">adee18db0f61f100bad2fc5be1050e29</sys_package><sys_policy/><sys_replace_on_upgrade>false</sys_replace_on_upgrade><sys_scope display_value="RightScaleCloudManagement">adee18db0f61f100bad2fc5be1050e29</sys_scope><sys_update_name>item_option_new_a8f069410fd40200adc3cf8ce1050e95</sys_update_name><sys_updated_by>admin</sys_updated_by><sys_updated_on>2015-05-26 13:23:23</sys_updated_on><table/><type>5</type><ui_page/><use_dynamic_default>false</use_dynamic_default><use_reference_qualifier>simple</use_reference_qualifier><variable_name/><variable_set/><visibility>1</visibility><visible_bundle>true</visible_bundle><visible_guide>true</visible_guide><visible_standalone>true</visible_standalone><visible_summary>true</visible_summary><write_roles/></item_option_new><sys_translated_text action="delete_multiple" query="documentkey=a8f069410fd40200adc3cf8ce1050e95"/></record_update>]]></payload>
<remote_update_set display_value="PIB_CorporateStandardWindowsServer">8123e9410fd40200adc3cf8ce1050eff</remote_update_set>
<replace_on_upgrade>false</replace_on_upgrade>
<sys_created_by>admin</sys_created_by>
<sys_created_on>2015-05-26 13:32:00</sys_created_on>
<sys_id>4923e9410fd40200adc3cf8ce1050eff</sys_id>
<sys_mod_count>0</sys_mod_count>
<sys_updated_by>admin</sys_updated_by>
<sys_updated_on>2015-05-26 13:32:00</sys_updated_on>
<table/>
<target_name>Cloud</target_name>
<type>Variable</type>
<update_domain>global</update_domain>
<update_set display_value=""/>
<view/>
</sys_update_xml>
<sys_update_xml action="INSERT_OR_UPDATE">
<action>INSERT_OR_UPDATE</action>
<application display_value="RightScaleCloudManagement">adee18db0f61f100bad2fc5be1050e29</application>
<category>customer</category>
<comments/>
<name>question_choice_2661a9410fd40200adc3cf8ce1050e37</name>
<payload><![CDATA[<?xml version="1.0" encoding="UTF-8"?><record_update table="question_choice"><question_choice action="INSERT_OR_UPDATE"><misc>0.00</misc><order>100</order><question display_value="Windows Server Type">2f31e5410fd40200adc3cf8ce1050ebd</question><rec_misc>0.00</rec_misc><sys_class_name>question_choice</sys_class_name><sys_created_by>admin</sys_created_by><sys_created_on>2015-05-26 13:24:35</sys_created_on><sys_customer_update>true</sys_customer_update><sys_id>2661a9410fd40200adc3cf8ce1050e37</sys_id><sys_mod_count>0</sys_mod_count><sys_name>Windows 2008R2 Base Server</sys_name><sys_package display_value="RightScaleCloudManagement" source="x_ris_rightscale_c">adee18db0f61f100bad2fc5be1050e29</sys_package><sys_policy/><sys_replace_on_upgrade>false</sys_replace_on_upgrade><sys_scope display_value="RightScaleCloudManagement">adee18db0f61f100bad2fc5be1050e29</sys_scope><sys_update_name>question_choice_2661a9410fd40200adc3cf8ce1050e37</sys_update_name><sys_updated_by>admin</sys_updated_by><sys_updated_on>2015-05-26 13:24:35</sys_updated_on><text>Windows 2008R2 Base Server</text><value>Windows 2008R2 Base Server</value></question_choice><fx_price action="delete_multiple" query="id=2661a9410fd40200adc3cf8ce1050e37"/><fx_price action="INSERT_OR_UPDATE"><amount>0</amount><currency display_value="USD">USD</currency><field>misc</field><id>2661a9410fd40200adc3cf8ce1050e37</id><parent/><reference_amount>0</reference_amount><reference_currency display_value="USD">USD</reference_currency><sys_created_by>admin</sys_created_by><sys_created_on>2015-05-26 13:24:35</sys_created_on><sys_id>d071e9410fd40200adc3cf8ce1050e64</sys_id><sys_mod_count>0</sys_mod_count><sys_updated_by>admin</sys_updated_by><sys_updated_on>2015-05-26 13:24:35</sys_updated_on><table>question_choice</table><type>calculated</type></fx_price><fx_price action="INSERT_OR_UPDATE"><amount>0</amount><currency display_value="USD">USD</currency><field>rec_misc</field><id>2661a9410fd40200adc3cf8ce1050e37</id><parent/><reference_amount>0</reference_amount><reference_currency display_value="USD">USD</reference_currency><sys_created_by>admin</sys_created_by><sys_created_on>2015-05-26 13:24:35</sys_created_on><sys_id>9071e9410fd40200adc3cf8ce1050e64</sys_id><sys_mod_count>0</sys_mod_count><sys_updated_by>admin</sys_updated_by><sys_updated_on>2015-05-26 13:24:35</sys_updated_on><table>question_choice</table><type>calculated</type></fx_price></record_update>]]></payload>
<remote_update_set display_value="PIB_CorporateStandardWindowsServer">8123e9410fd40200adc3cf8ce1050eff</remote_update_set>
<replace_on_upgrade>false</replace_on_upgrade>
<sys_created_by>admin</sys_created_by>
<sys_created_on>2015-05-26 13:32:00</sys_created_on>
<sys_id>4d23e9410fd40200adc3cf8ce1050eff</sys_id>
<sys_mod_count>0</sys_mod_count>
<sys_updated_by>admin</sys_updated_by>
<sys_updated_on>2015-05-26 13:32:00</sys_updated_on>
<table/>
<target_name>Windows 2008R2 Base Server</target_name>
<type>Question Choice</type>
<update_domain>global                          </update_domain>
<update_set display_value=""/>
<view/>
</sys_update_xml>
<sys_update_xml action="INSERT_OR_UPDATE">
<action>INSERT_OR_UPDATE</action>
<application display_value="RightScaleCloudManagement">adee18db0f61f100bad2fc5be1050e29</application>
<category>customer</category>
<comments/>
<name>question_choice_6132e9410fd40200adc3cf8ce1050e2d</name>
<payload><![CDATA[<?xml version="1.0" encoding="UTF-8"?><record_update table="question_choice"><question_choice action="INSERT_OR_UPDATE"><misc>0.00</misc><order>200</order><question display_value="Server Performance Level">84f12d410fd40200adc3cf8ce1050e36</question><rec_misc>0.00</rec_misc><sys_class_name>question_choice</sys_class_name><sys_created_by>admin</sys_created_by><sys_created_on>2015-05-26 13:28:01</sys_created_on><sys_customer_update>true</sys_customer_update><sys_id>6132e9410fd40200adc3cf8ce1050e2d</sys_id><sys_mod_count>0</sys_mod_count><sys_name>High Performance</sys_name><sys_package display_value="RightScaleCloudManagement" source="x_ris_rightscale_c">adee18db0f61f100bad2fc5be1050e29</sys_package><sys_policy/><sys_replace_on_upgrade>false</sys_replace_on_upgrade><sys_scope display_value="RightScaleCloudManagement">adee18db0f61f100bad2fc5be1050e29</sys_scope><sys_update_name>question_choice_6132e9410fd40200adc3cf8ce1050e2d</sys_update_name><sys_updated_by>admin</sys_updated_by><sys_updated_on>2015-05-26 13:28:01</sys_updated_on><text>High Performance</text><value>High Performance</value></question_choice><fx_price action="delete_multiple" query="id=6132e9410fd40200adc3cf8ce1050e2d"/><fx_price action="INSERT_OR_UPDATE"><amount>0</amount><currency display_value="USD">USD</currency><field>misc</field><id>6132e9410fd40200adc3cf8ce1050e2d</id><parent/><reference_amount>0</reference_amount><reference_currency display_value="USD">USD</reference_currency><sys_created_by>admin</sys_created_by><sys_created_on>2015-05-26 13:28:01</sys_created_on><sys_id>2a322d410fd40200adc3cf8ce1050e7d</sys_id><sys_mod_count>0</sys_mod_count><sys_updated_by>admin</sys_updated_by><sys_updated_on>2015-05-26 13:28:01</sys_updated_on><table>question_choice</table><type>calculated</type></fx_price><fx_price action="INSERT_OR_UPDATE"><amount>0</amount><currency display_value="USD">USD</currency><field>rec_misc</field><id>6132e9410fd40200adc3cf8ce1050e2d</id><parent/><reference_amount>0</reference_amount><reference_currency display_value="USD">USD</reference_currency><sys_created_by>admin</sys_created_by><sys_created_on>2015-05-26 13:28:01</sys_created_on><sys_id>e6322d410fd40200adc3cf8ce1050e7d</sys_id><sys_mod_count>0</sys_mod_count><sys_updated_by>admin</sys_updated_by><sys_updated_on>2015-05-26 13:28:01</sys_updated_on><table>question_choice</table><type>calculated</type></fx_price></record_update>]]></payload>
<remote_update_set display_value="PIB_CorporateStandardWindowsServer">8123e9410fd40200adc3cf8ce1050eff</remote_update_set>
<replace_on_upgrade>false</replace_on_upgrade>
<sys_created_by>admin</sys_created_by>
<sys_created_on>2015-05-26 13:32:00</sys_created_on>
<sys_id>81232d410fd40200adc3cf8ce1050e00</sys_id>
<sys_mod_count>0</sys_mod_count>
<sys_updated_by>admin</sys_updated_by>
<sys_updated_on>2015-05-26 13:32:00</sys_updated_on>
<table/>
<target_name>High Performance</target_name>
<type>Question Choice</type>
<update_domain>global                          </update_domain>
<update_set display_value=""/>
<view/>
</sys_update_xml>
<sys_update_xml action="INSERT_OR_UPDATE">
<action>INSERT_OR_UPDATE</action>
<application display_value="RightScaleCloudManagement">adee18db0f61f100bad2fc5be1050e29</application>
<category>customer</category>
<comments/>
<name>question_choice_c37129410fd40200adc3cf8ce1050e97</name>
<payload><![CDATA[<?xml version="1.0" encoding="UTF-8"?><record_update table="question_choice"><question_choice action="INSERT_OR_UPDATE"><misc>0.00</misc><order>200</order><question display_value="Windows Server Type">2f31e5410fd40200adc3cf8ce1050ebd</question><rec_misc>0.00</rec_misc><sys_class_name>question_choice</sys_class_name><sys_created_by>admin</sys_created_by><sys_created_on>2015-05-26 13:24:52</sys_created_on><sys_customer_update>true</sys_customer_update><sys_id>c37129410fd40200adc3cf8ce1050e97</sys_id><sys_mod_count>0</sys_mod_count><sys_name>Windows 2008R2 IIS Server</sys_name><sys_package display_value="RightScaleCloudManagement" source="x_ris_rightscale_c">adee18db0f61f100bad2fc5be1050e29</sys_package><sys_policy/><sys_replace_on_upgrade>false</sys_replace_on_upgrade><sys_scope display_value="RightScaleCloudManagement">adee18db0f61f100bad2fc5be1050e29</sys_scope><sys_update_name>question_choice_c37129410fd40200adc3cf8ce1050e97</sys_update_name><sys_updated_by>admin</sys_updated_by><sys_updated_on>2015-05-26 13:24:52</sys_updated_on><text>Windows 2008R2 IIS Server</text><value>Windows 2008R2 IIS Server</value></question_choice><fx_price action="delete_multiple" query="id=c37129410fd40200adc3cf8ce1050e97"/><fx_price action="INSERT_OR_UPDATE"><amount>0</amount><currency display_value="USD">USD</currency><field>misc</field><id>c37129410fd40200adc3cf8ce1050e97</id><parent/><reference_amount>0</reference_amount><reference_currency display_value="USD">USD</reference_currency><sys_created_by>admin</sys_created_by><sys_created_on>2015-05-26 13:24:52</sys_created_on><sys_id>6481a9410fd40200adc3cf8ce1050eee</sys_id><sys_mod_count>0</sys_mod_count><sys_updated_by>admin</sys_updated_by><sys_updated_on>2015-05-26 13:24:52</sys_updated_on><table>question_choice</table><type>calculated</type></fx_price><fx_price action="INSERT_OR_UPDATE"><amount>0</amount><currency display_value="USD">USD</currency><field>rec_misc</field><id>c37129410fd40200adc3cf8ce1050e97</id><parent/><reference_amount>0</reference_amount><reference_currency display_value="USD">USD</reference_currency><sys_created_by>admin</sys_created_by><sys_created_on>2015-05-26 13:24:52</sys_created_on><sys_id>2481a9410fd40200adc3cf8ce1050eee</sys_id><sys_mod_count>0</sys_mod_count><sys_updated_by>admin</sys_updated_by><sys_updated_on>2015-05-26 13:24:52</sys_updated_on><table>question_choice</table><type>calculated</type></fx_price></record_update>]]></payload>
<remote_update_set display_value="PIB_CorporateStandardWindowsServer">8123e9410fd40200adc3cf8ce1050eff</remote_update_set>
<replace_on_upgrade>false</replace_on_upgrade>
<sys_created_by>admin</sys_created_by>
<sys_created_on>2015-05-26 13:32:00</sys_created_on>
<sys_id>85232d410fd40200adc3cf8ce1050e00</sys_id>
<sys_mod_count>0</sys_mod_count>
<sys_updated_by>admin</sys_updated_by>
<sys_updated_on>2015-05-26 13:32:00</sys_updated_on>
<table/>
<target_name>Windows 2008R2 IIS Server</target_name>
<type>Question Choice</type>
<update_domain>global                          </update_domain>
<update_set display_value=""/>
<view/>
</sys_update_xml>
<sys_update_xml action="INSERT_OR_UPDATE">
<action>INSERT_OR_UPDATE</action>
<application display_value="RightScaleCloudManagement">adee18db0f61f100bad2fc5be1050e29</application>
<category>customer</category>
<comments/>
<name>item_option_new_494061cd0f940200adc3cf8ce1050e55</name>
<payload><![CDATA[<?xml version="1.0" encoding="UTF-8"?><record_update table="item_option_new"><item_option_new action="INSERT_OR_UPDATE"><active>true</active><attributes/><cat_item display_value="Copy of Launch Application">b04061cd0f940200adc3cf8ce1050e54</cat_item><category/><choice_direction>down</choice_direction><choice_field/><choice_table/><create_roles/><default_html_value/><default_value>Business Hours</default_value><delete_roles/><delivery_plan/><description/><display_title>false</display_title><do_not_select_first>false</do_not_select_first><dynamic_default_value/><dynamic_ref_qual/><field/><global>false</global><help_tag>More information</help_tag><help_text/><include_none>false</include_none><layout>normal</layout><list_table/><lookup_label/><lookup_price/><lookup_table/><lookup_unique>false</lookup_unique><lookup_value/><macro/><mandatory>false</mandatory><map_to_field>false</map_to_field><mask_use_confirmation>false</mask_use_confirmation><mask_use_encryption>false</mask_use_encryption><name>u_schedule_name</name><order>30</order><price_if_checked>0</price_if_checked><pricing_implications>false</pricing_implications><question_text>Schedule name</question_text><read_roles/><rec_lookup_price/><rec_price_if_checked>0</rec_price_if_checked><record/><record_producer_table/><reference/><reference_qual/><reference_qual_condition/><scale_max>5</scale_max><scale_min>0</scale_min><show_help>false</show_help><summary_macro/><sys_class_name>item_option_new</sys_class_name><sys_created_by>admin</sys_created_by><sys_created_on>2015-05-26 13:19:27</sys_created_on><sys_customer_update>true</sys_customer_update><sys_id>494061cd0f940200adc3cf8ce1050e55</sys_id><sys_mod_count>0</sys_mod_count><sys_name>Schedule name</sys_name><sys_package display_value="RightScaleCloudManagement" source="x_ris_rightscale_c">adee18db0f61f100bad2fc5be1050e29</sys_package><sys_policy/><sys_replace_on_upgrade>false</sys_replace_on_upgrade><sys_scope display_value="RightScaleCloudManagement">adee18db0f61f100bad2fc5be1050e29</sys_scope><sys_update_name>item_option_new_11e48a094fd771001816e321a310c77a</sys_update_name><sys_updated_by>admin</sys_updated_by><sys_updated_on>2015-05-26 13:19:27</sys_updated_on><table/><type>5</type><ui_page/><use_dynamic_default>false</use_dynamic_default><use_reference_qualifier>simple</use_reference_qualifier><variable_name/><variable_set/><visibility>1</visibility><visible_bundle>true</visible_bundle><visible_guide>true</visible_guide><visible_standalone>true</visible_standalone><visible_summary>true</visible_summary><write_roles/></item_option_new><sys_translated_text action="delete_multiple" query="documentkey=494061cd0f940200adc3cf8ce1050e55"/></record_update>]]></payload>
<remote_update_set display_value="PIB_CorporateStandardWindowsServer">8123e9410fd40200adc3cf8ce1050eff</remote_update_set>
<replace_on_upgrade>false</replace_on_upgrade>
<sys_created_by>admin</sys_created_by>
<sys_created_on>2015-05-26 13:32:00</sys_created_on>
<sys_id>8523e9410fd40200adc3cf8ce1050eff</sys_id>
<sys_mod_count>0</sys_mod_count>
<sys_updated_by>admin</sys_updated_by>
<sys_updated_on>2015-05-26 13:32:00</sys_updated_on>
<table/>
<target_name>Schedule name</target_name>
<type>Variable</type>
<update_domain>global                          </update_domain>
<update_set display_value=""/>
<view/>
</sys_update_xml>
<sys_update_xml action="INSERT_OR_UPDATE">
<action>INSERT_OR_UPDATE</action>
<application display_value="RightScaleCloudManagement">adee18db0f61f100bad2fc5be1050e29</application>
<category>customer</category>
<comments/>
<name>sc_cat_item_b7140a094fd771001816e321a310c7f0</name>
<payload><![CDATA[<?xml version="1.0" encoding="UTF-8"?><record_update table="sc_cat_item"><sc_cat_item action="INSERT_OR_UPDATE"><active>true</active><availability>on_desktop</availability><billable>false</billable><category/><cost>0</cost><custom_cart/><delivery_plan/><delivery_plan_script/><delivery_time>1970-01-03 00:00:00</delivery_time><description/><entitlement_script/><group/><icon/><ignore_price>true</ignore_price><image/><list_price>0.00</list_price><location/><meta/><mobile_hide_price>false</mobile_hide_price><mobile_picture/><mobile_picture_type>use_desktop_picture</mobile_picture_type><model/><name>Copy of Launch Application</name><no_cart>false</no_cart><no_order>false</no_order><no_order_now>false</no_order_now><no_proceed_checkout>false</no_proceed_checkout><no_quantity>false</no_quantity><no_search>false</no_search><omit_price>false</omit_price><order>0</order><ordered_item_link/><picture/><preview>JavaScript: popupOpenStandard("./com.glideapp.servicecatalog_cat_item_view.do?v=1&amp;sysparm_id=b04061cd0f940200adc3cf8ce1050e54&amp;sysparm_preview=true", "summary");</preview><price>0</price><recurring_frequency/><recurring_price>0.00</recurring_price><roles/><sc_catalogs>e0d08b13c3330100c8b837659bba8fb4</sc_catalogs><sc_ic_item_staging/><sc_ic_version/><short_description/><start_closed>false</start_closed><sys_class_name>sc_cat_item</sys_class_name><sys_created_by>admin</sys_created_by><sys_created_on>2015-05-26 13:19:26</sys_created_on><sys_customer_update>true</sys_customer_update><sys_id>b04061cd0f940200adc3cf8ce1050e54</sys_id><sys_mod_count>0</sys_mod_count><sys_name>Launch Application</sys_name><sys_package display_value="RightScaleCloudManagement" source="x_ris_rightscale_c">adee18db0f61f100bad2fc5be1050e29</sys_package><sys_policy/><sys_replace_on_upgrade>false</sys_replace_on_upgrade><sys_scope display_value="RightScaleCloudManagement">adee18db0f61f100bad2fc5be1050e29</sys_scope><sys_update_name>sc_cat_item_b7140a094fd771001816e321a310c7f0</sys_update_name><sys_updated_by>admin</sys_updated_by><sys_updated_on>2015-05-26 13:19:26</sys_updated_on><template/><type>item</type><use_sc_layout>true</use_sc_layout><vendor/><visible_bundle>true</visible_bundle><visible_guide>true</visible_guide><visible_standalone>true</visible_standalone><workflow display_value="Self-Service Launch Application">74ee3c2a0f96b500bad2fc5be1050eb4</workflow></sc_cat_item><sys_translated_text action="delete_multiple" query="documentkey=b04061cd0f940200adc3cf8ce1050e54"/><fx_price action="delete_multiple" query="id=b04061cd0f940200adc3cf8ce1050e54"/><fx_price action="INSERT_OR_UPDATE"><amount>0</amount><currency display_value="USD">USD</currency><field>price</field><id>b04061cd0f940200adc3cf8ce1050e54</id><parent/><reference_amount>0</reference_amount><reference_currency display_value="USD">USD</reference_currency><sys_created_by>admin</sys_created_by><sys_created_on>2015-05-26 13:19:26</sys_created_on><sys_id>b44061cd0f940200adc3cf8ce1050e54</sys_id><sys_mod_count>0</sys_mod_count><sys_updated_by>admin</sys_updated_by><sys_updated_on>2015-05-26 13:19:26</sys_updated_on><table>sc_cat_item</table><type>calculated</type></fx_price></record_update>]]></payload>
<remote_update_set display_value="PIB_CorporateStandardWindowsServer">8123e9410fd40200adc3cf8ce1050eff</remote_update_set>
<replace_on_upgrade>false</replace_on_upgrade>
<sys_created_by>admin</sys_created_by>
<sys_created_on>2015-05-26 13:32:00</sys_created_on>
<sys_id>89232d410fd40200adc3cf8ce1050e00</sys_id>
<sys_mod_count>0</sys_mod_count>
<sys_updated_by>admin</sys_updated_by>
<sys_updated_on>2015-05-26 13:32:00</sys_updated_on>
<table/>
<target_name>Copy of Launch Application</target_name>
<type>Catalog Item</type>
<update_domain>global</update_domain>
<update_set display_value=""/>
<view/>
</sys_update_xml>
<sys_update_xml action="INSERT_OR_UPDATE">
<action>INSERT_OR_UPDATE</action>
<application display_value="RightScaleCloudManagement">adee18db0f61f100bad2fc5be1050e29</application>
<category>customer</category>
<comments/>
<name>item_option_new_c94061cd0f940200adc3cf8ce1050e56</name>
<payload><![CDATA[<?xml version="1.0" encoding="UTF-8"?><record_update table="item_option_new"><item_option_new action="INSERT_OR_UPDATE"><active>true</active><attributes/><cat_item display_value="Copy of Launch Application">b04061cd0f940200adc3cf8ce1050e54</cat_item><category/><choice_direction>down</choice_direction><choice_field/><choice_table/><create_roles/><default_html_value/><default_value/><delete_roles/><delivery_plan/><description/><display_title>false</display_title><do_not_select_first>false</do_not_select_first><dynamic_default_value/><dynamic_ref_qual/><field/><global>false</global><help_tag>More information</help_tag><help_text/><include_none>false</include_none><layout>normal</layout><list_table/><lookup_label/><lookup_price/><lookup_table/><lookup_unique>false</lookup_unique><lookup_value/><macro/><mandatory>false</mandatory><map_to_field>false</map_to_field><mask_use_confirmation>false</mask_use_confirmation><mask_use_encryption>false</mask_use_encryption><name>u_description</name><order>20</order><price_if_checked>0</price_if_checked><pricing_implications>false</pricing_implications><question_text>Description</question_text><read_roles/><rec_lookup_price/><rec_price_if_checked>0</rec_price_if_checked><record/><record_producer_table/><reference/><reference_qual/><reference_qual_condition/><scale_max>5</scale_max><scale_min>0</scale_min><show_help>false</show_help><summary_macro/><sys_class_name>item_option_new</sys_class_name><sys_created_by>admin</sys_created_by><sys_created_on>2015-05-26 13:19:27</sys_created_on><sys_customer_update>true</sys_customer_update><sys_id>c94061cd0f940200adc3cf8ce1050e56</sys_id><sys_mod_count>0</sys_mod_count><sys_name>Description</sys_name><sys_package display_value="RightScaleCloudManagement" source="x_ris_rightscale_c">adee18db0f61f100bad2fc5be1050e29</sys_package><sys_policy/><sys_replace_on_upgrade>false</sys_replace_on_upgrade><sys_scope display_value="RightScaleCloudManagement">adee18db0f61f100bad2fc5be1050e29</sys_scope><sys_update_name>item_option_new_59c48a094fd771001816e321a310c7a3</sys_update_name><sys_updated_by>admin</sys_updated_by><sys_updated_on>2015-05-26 13:19:27</sys_updated_on><table/><type>2</type><ui_page/><use_dynamic_default>false</use_dynamic_default><use_reference_qualifier>simple</use_reference_qualifier><variable_name/><variable_set/><visibility>1</visibility><visible_bundle>true</visible_bundle><visible_guide>true</visible_guide><visible_standalone>true</visible_standalone><visible_summary>true</visible_summary><write_roles/></item_option_new><sys_translated_text action="delete_multiple" query="documentkey=c94061cd0f940200adc3cf8ce1050e56"/></record_update>]]></payload>
<remote_update_set display_value="PIB_CorporateStandardWindowsServer">8123e9410fd40200adc3cf8ce1050eff</remote_update_set>
<replace_on_upgrade>false</replace_on_upgrade>
<sys_created_by>admin</sys_created_by>
<sys_created_on>2015-05-26 13:32:00</sys_created_on>
<sys_id>8923e9410fd40200adc3cf8ce1050eff</sys_id>
<sys_mod_count>0</sys_mod_count>
<sys_updated_by>admin</sys_updated_by>
<sys_updated_on>2015-05-26 13:32:00</sys_updated_on>
<table/>
<target_name>Description</target_name>
<type>Variable</type>
<update_domain>global                          </update_domain>
<update_set display_value=""/>
<view/>
</sys_update_xml>
<sys_update_xml action="INSERT_OR_UPDATE">
<action>INSERT_OR_UPDATE</action>
<application display_value="RightScaleCloudManagement">adee18db0f61f100bad2fc5be1050e29</application>
<category>customer</category>
<comments/>
<name>question_choice_330169410fd40200adc3cf8ce1050e97</name>
<payload><![CDATA[<?xml version="1.0" encoding="UTF-8"?><record_update table="question_choice"><question_choice action="INSERT_OR_UPDATE"><misc>0.00</misc><order>100</order><question display_value="Cloud">a8f069410fd40200adc3cf8ce1050e95</question><rec_misc>0.00</rec_misc><sys_class_name>question_choice</sys_class_name><sys_created_by>admin</sys_created_by><sys_created_on>2015-05-26 13:23:04</sys_created_on><sys_customer_update>true</sys_customer_update><sys_id>330169410fd40200adc3cf8ce1050e97</sys_id><sys_mod_count>0</sys_mod_count><sys_name>AWS</sys_name><sys_package display_value="RightScaleCloudManagement" source="x_ris_rightscale_c">adee18db0f61f100bad2fc5be1050e29</sys_package><sys_policy/><sys_replace_on_upgrade>false</sys_replace_on_upgrade><sys_scope display_value="RightScaleCloudManagement">adee18db0f61f100bad2fc5be1050e29</sys_scope><sys_update_name>question_choice_330169410fd40200adc3cf8ce1050e97</sys_update_name><sys_updated_by>admin</sys_updated_by><sys_updated_on>2015-05-26 13:23:04</sys_updated_on><text>AWS</text><value>AWS</value></question_choice><fx_price action="delete_multiple" query="id=330169410fd40200adc3cf8ce1050e97"/><fx_price action="INSERT_OR_UPDATE"><amount>0</amount><currency display_value="USD">USD</currency><field>misc</field><id>330169410fd40200adc3cf8ce1050e97</id><parent/><reference_amount>0</reference_amount><reference_currency display_value="USD">USD</reference_currency><sys_created_by>admin</sys_created_by><sys_created_on>2015-05-26 13:23:04</sys_created_on><sys_id>4611e5410fd40200adc3cf8ce1050ee6</sys_id><sys_mod_count>0</sys_mod_count><sys_updated_by>admin</sys_updated_by><sys_updated_on>2015-05-26 13:23:04</sys_updated_on><table>question_choice</table><type>calculated</type></fx_price><fx_price action="INSERT_OR_UPDATE"><amount>0</amount><currency display_value="USD">USD</currency><field>rec_misc</field><id>330169410fd40200adc3cf8ce1050e97</id><parent/><reference_amount>0</reference_amount><reference_currency display_value="USD">USD</reference_currency><sys_created_by>admin</sys_created_by><sys_created_on>2015-05-26 13:23:04</sys_created_on><sys_id>0611e5410fd40200adc3cf8ce1050ee6</sys_id><sys_mod_count>0</sys_mod_count><sys_updated_by>admin</sys_updated_by><sys_updated_on>2015-05-26 13:23:04</sys_updated_on><table>question_choice</table><type>calculated</type></fx_price></record_update>]]></payload>
<remote_update_set display_value="PIB_CorporateStandardWindowsServer">8123e9410fd40200adc3cf8ce1050eff</remote_update_set>
<replace_on_upgrade>false</replace_on_upgrade>
<sys_created_by>admin</sys_created_by>
<sys_created_on>2015-05-26 13:32:00</sys_created_on>
<sys_id>8d23e9410fd40200adc3cf8ce1050eff</sys_id>
<sys_mod_count>0</sys_mod_count>
<sys_updated_by>admin</sys_updated_by>
<sys_updated_on>2015-05-26 13:32:00</sys_updated_on>
<table/>
<target_name>AWS</target_name>
<type>Question Choice</type>
<update_domain>global                          </update_domain>
<update_set display_value=""/>
<view/>
</sys_update_xml>
<sys_update_xml action="INSERT_OR_UPDATE">
<action>INSERT_OR_UPDATE</action>
<application display_value="RightScaleCloudManagement">adee18db0f61f100bad2fc5be1050e29</application>
<category>customer</category>
<comments/>
<name>question_choice_86c125410fd40200adc3cf8ce1050e1d</name>
<payload><![CDATA[<?xml version="1.0" encoding="UTF-8"?><record_update table="question_choice"><question_choice action="INSERT_OR_UPDATE"><misc>0.00</misc><order>700</order><question display_value="Windows Server Type">2f31e5410fd40200adc3cf8ce1050ebd</question><rec_misc>0.00</rec_misc><sys_class_name>question_choice</sys_class_name><sys_created_by>admin</sys_created_by><sys_created_on>2015-05-26 13:26:09</sys_created_on><sys_customer_update>true</sys_customer_update><sys_id>86c125410fd40200adc3cf8ce1050e1d</sys_id><sys_mod_count>0</sys_mod_count><sys_name>Windows 2012 Server with SQL 2012</sys_name><sys_package display_value="RightScaleCloudManagement" source="x_ris_rightscale_c">adee18db0f61f100bad2fc5be1050e29</sys_package><sys_policy/><sys_replace_on_upgrade>false</sys_replace_on_upgrade><sys_scope display_value="RightScaleCloudManagement">adee18db0f61f100bad2fc5be1050e29</sys_scope><sys_update_name>question_choice_86c125410fd40200adc3cf8ce1050e1d</sys_update_name><sys_updated_by>admin</sys_updated_by><sys_updated_on>2015-05-26 13:26:09</sys_updated_on><text>Windows 2012 Server with SQL 2012</text><value>Windows 2012 Server with SQL 2012</value></question_choice><fx_price action="delete_multiple" query="id=86c125410fd40200adc3cf8ce1050e1d"/><fx_price action="INSERT_OR_UPDATE"><amount>0</amount><currency display_value="USD">USD</currency><field>misc</field><id>86c125410fd40200adc3cf8ce1050e1d</id><parent/><reference_amount>0</reference_amount><reference_currency display_value="USD">USD</reference_currency><sys_created_by>admin</sys_created_by><sys_created_on>2015-05-26 13:26:09</sys_created_on><sys_id>57c1e9410fd40200adc3cf8ce1050e29</sys_id><sys_mod_count>0</sys_mod_count><sys_updated_by>admin</sys_updated_by><sys_updated_on>2015-05-26 13:26:09</sys_updated_on><table>question_choice</table><type>calculated</type></fx_price><fx_price action="INSERT_OR_UPDATE"><amount>0</amount><currency display_value="USD">USD</currency><field>rec_misc</field><id>86c125410fd40200adc3cf8ce1050e1d</id><parent/><reference_amount>0</reference_amount><reference_currency display_value="USD">USD</reference_currency><sys_created_by>admin</sys_created_by><sys_created_on>2015-05-26 13:26:09</sys_created_on><sys_id>17c1e9410fd40200adc3cf8ce1050e29</sys_id><sys_mod_count>0</sys_mod_count><sys_updated_by>admin</sys_updated_by><sys_updated_on>2015-05-26 13:26:09</sys_updated_on><table>question_choice</table><type>calculated</type></fx_price></record_update>]]></payload>
<remote_update_set display_value="PIB_CorporateStandardWindowsServer">8123e9410fd40200adc3cf8ce1050eff</remote_update_set>
<replace_on_upgrade>false</replace_on_upgrade>
<sys_created_by>admin</sys_created_by>
<sys_created_on>2015-05-26 13:32:00</sys_created_on>
<sys_id>c1232d410fd40200adc3cf8ce1050e00</sys_id>
<sys_mod_count>0</sys_mod_count>
<sys_updated_by>admin</sys_updated_by>
<sys_updated_on>2015-05-26 13:32:00</sys_updated_on>
<table/>
<target_name>Windows 2012 Server with SQL 2012</target_name>
<type>Question Choice</type>
<update_domain>global                          </update_domain>
<update_set display_value=""/>
<view/>
</sys_update_xml>
<sys_update_xml action="INSERT_OR_UPDATE">
<action>INSERT_OR_UPDATE</action>
<application display_value="RightScaleCloudManagement">adee18db0f61f100bad2fc5be1050e29</application>
<category>customer</category>
<comments/>
<name>item_option_new_054061cd0f940200adc3cf8ce1050e57</name>
<payload><![CDATA[<?xml version="1.0" encoding="UTF-8"?><record_update table="item_option_new"><item_option_new action="INSERT_OR_UPDATE"><active>true</active><attributes/><cat_item display_value="Copy of Launch Application">b04061cd0f940200adc3cf8ce1050e54</cat_item><category/><choice_direction>down</choice_direction><choice_field/><choice_table/><create_roles/><default_html_value/><default_value/><delete_roles/><delivery_plan/><description/><display_title>false</display_title><do_not_select_first>false</do_not_select_first><dynamic_default_value/><dynamic_ref_qual/><field/><global>false</global><help_tag>More information</help_tag><help_text/><include_none>false</include_none><layout>normal</layout><list_table/><lookup_label/><lookup_price/><lookup_table/><lookup_unique>false</lookup_unique><lookup_value/><macro/><mandatory>false</mandatory><map_to_field>false</map_to_field><mask_use_confirmation>false</mask_use_confirmation><mask_use_encryption>false</mask_use_encryption><name>u_application</name><order>5</order><price_if_checked>0</price_if_checked><pricing_implications>false</pricing_implications><question_text>Application</question_text><read_roles/><rec_lookup_price/><rec_price_if_checked>0</rec_price_if_checked><record/><record_producer_table/><reference>x_ris_rightscale_c_applications</reference><reference_qual/><reference_qual_condition/><scale_max>5</scale_max><scale_min>0</scale_min><show_help>false</show_help><summary_macro/><sys_class_name>item_option_new</sys_class_name><sys_created_by>admin</sys_created_by><sys_created_on>2015-05-26 13:19:27</sys_created_on><sys_customer_update>true</sys_customer_update><sys_id>054061cd0f940200adc3cf8ce1050e57</sys_id><sys_mod_count>0</sys_mod_count><sys_name>Application</sys_name><sys_package display_value="RightScaleCloudManagement" source="x_ris_rightscale_c">adee18db0f61f100bad2fc5be1050e29</sys_package><sys_policy/><sys_replace_on_upgrade>false</sys_replace_on_upgrade><sys_scope display_value="RightScaleCloudManagement">adee18db0f61f100bad2fc5be1050e29</sys_scope><sys_update_name>item_option_new_f0744a094fd771001816e321a310c7ee</sys_update_name><sys_updated_by>admin</sys_updated_by><sys_updated_on>2015-05-26 13:19:27</sys_updated_on><table/><type>8</type><ui_page/><use_dynamic_default>false</use_dynamic_default><use_reference_qualifier>simple</use_reference_qualifier><variable_name/><variable_set/><visibility>1</visibility><visible_bundle>true</visible_bundle><visible_guide>true</visible_guide><visible_standalone>true</visible_standalone><visible_summary>true</visible_summary><write_roles/></item_option_new><sys_translated_text action="delete_multiple" query="documentkey=054061cd0f940200adc3cf8ce1050e57"/></record_update>]]></payload>
<remote_update_set display_value="PIB_CorporateStandardWindowsServer">8123e9410fd40200adc3cf8ce1050eff</remote_update_set>
<replace_on_upgrade>false</replace_on_upgrade>
<sys_created_by>admin</sys_created_by>
<sys_created_on>2015-05-26 13:32:00</sys_created_on>
<sys_id>c123e9410fd40200adc3cf8ce1050eff</sys_id>
<sys_mod_count>0</sys_mod_count>
<sys_updated_by>admin</sys_updated_by>
<sys_updated_on>2015-05-26 13:32:00</sys_updated_on>
<table/>
<target_name>Application</target_name>
<type>Variable</type>
<update_domain>global                          </update_domain>
<update_set display_value=""/>
<view/>
</sys_update_xml>
<sys_update_xml action="INSERT_OR_UPDATE">
<action>INSERT_OR_UPDATE</action>
<application display_value="RightScaleCloudManagement">adee18db0f61f100bad2fc5be1050e29</application>
<category>customer</category>
<comments/>
<name>question_choice_df9129410fd40200adc3cf8ce1050e4a</name>
<payload><![CDATA[<?xml version="1.0" encoding="UTF-8"?><record_update table="question_choice"><question_choice action="INSERT_OR_UPDATE"><misc>0.00</misc><order>400</order><question display_value="Windows Server Type">2f31e5410fd40200adc3cf8ce1050ebd</question><rec_misc>0.00</rec_misc><sys_class_name>question_choice</sys_class_name><sys_created_by>admin</sys_created_by><sys_created_on>2015-05-26 13:25:24</sys_created_on><sys_customer_update>true</sys_customer_update><sys_id>df9129410fd40200adc3cf8ce1050e4a</sys_id><sys_mod_count>0</sys_mod_count><sys_name>Windows 2008R2 Server with SQL 2012</sys_name><sys_package display_value="RightScaleCloudManagement" source="x_ris_rightscale_c">adee18db0f61f100bad2fc5be1050e29</sys_package><sys_policy/><sys_replace_on_upgrade>false</sys_replace_on_upgrade><sys_scope display_value="RightScaleCloudManagement">adee18db0f61f100bad2fc5be1050e29</sys_scope><sys_update_name>question_choice_df9129410fd40200adc3cf8ce1050e4a</sys_update_name><sys_updated_by>admin</sys_updated_by><sys_updated_on>2015-05-26 13:25:24</sys_updated_on><text>Windows 2008R2 Server with SQL 2012</text><value>Windows 2008R2 Server with SQL 2012</value></question_choice><fx_price action="delete_multiple" query="id=df9129410fd40200adc3cf8ce1050e4a"/><fx_price action="INSERT_OR_UPDATE"><amount>0</amount><currency display_value="USD">USD</currency><field>misc</field><id>df9129410fd40200adc3cf8ce1050e4a</id><parent/><reference_amount>0</reference_amount><reference_currency display_value="USD">USD</reference_currency><sys_created_by>admin</sys_created_by><sys_created_on>2015-05-26 13:25:24</sys_created_on><sys_id>98a1e9410fd40200adc3cf8ce1050e26</sys_id><sys_mod_count>0</sys_mod_count><sys_updated_by>admin</sys_updated_by><sys_updated_on>2015-05-26 13:25:24</sys_updated_on><table>question_choice</table><type>calculated</type></fx_price><fx_price action="INSERT_OR_UPDATE"><amount>0</amount><currency display_value="USD">USD</currency><field>rec_misc</field><id>df9129410fd40200adc3cf8ce1050e4a</id><parent/><reference_amount>0</reference_amount><reference_currency display_value="USD">USD</reference_currency><sys_created_by>admin</sys_created_by><sys_created_on>2015-05-26 13:25:24</sys_created_on><sys_id>58a1e9410fd40200adc3cf8ce1050e26</sys_id><sys_mod_count>0</sys_mod_count><sys_updated_by>admin</sys_updated_by><sys_updated_on>2015-05-26 13:25:24</sys_updated_on><table>question_choice</table><type>calculated</type></fx_price></record_update>]]></payload>
<remote_update_set display_value="PIB_CorporateStandardWindowsServer">8123e9410fd40200adc3cf8ce1050eff</remote_update_set>
<replace_on_upgrade>false</replace_on_upgrade>
<sys_created_by>admin</sys_created_by>
<sys_created_on>2015-05-26 13:32:00</sys_created_on>
<sys_id>c5232d410fd40200adc3cf8ce1050e00</sys_id>
<sys_mod_count>0</sys_mod_count>
<sys_updated_by>admin</sys_updated_by>
<sys_updated_on>2015-05-26 13:32:00</sys_updated_on>
<table/>
<target_name>Windows 2008R2 Server with SQL 2012</target_name>
<type>Question Choice</type>
<update_domain>global                          </update_domain>
<update_set display_value=""/>
<view/>
</sys_update_xml>
<sys_update_xml action="INSERT_OR_UPDATE">
<action>INSERT_OR_UPDATE</action>
<application display_value="RightScaleCloudManagement">adee18db0f61f100bad2fc5be1050e29</application>
<category>customer</category>
<comments/>
<name>item_option_new_814061cd0f940200adc3cf8ce1050e56</name>
<payload><![CDATA[<?xml version="1.0" encoding="UTF-8"?><record_update table="item_option_new"><item_option_new action="INSERT_OR_UPDATE"><active>true</active><attributes/><cat_item display_value="Copy of Launch Application">b04061cd0f940200adc3cf8ce1050e54</cat_item><category/><choice_direction>down</choice_direction><choice_field/><choice_table/><create_roles/><default_html_value/><default_value/><delete_roles/><delivery_plan/><description/><display_title>false</display_title><do_not_select_first>false</do_not_select_first><dynamic_default_value/><dynamic_ref_qual/><field/><global>false</global><help_tag>More information</help_tag><help_text/><include_none>false</include_none><layout>normal</layout><list_table/><lookup_label/><lookup_price/><lookup_table/><lookup_unique>false</lookup_unique><lookup_value/><macro/><mandatory>false</mandatory><map_to_field>false</map_to_field><mask_use_confirmation>false</mask_use_confirmation><mask_use_encryption>false</mask_use_encryption><name>u_name</name><order>10</order><price_if_checked>0</price_if_checked><pricing_implications>false</pricing_implications><question_text>Name</question_text><read_roles/><rec_lookup_price/><rec_price_if_checked>0</rec_price_if_checked><record/><record_producer_table/><reference/><reference_qual/><reference_qual_condition/><scale_max>5</scale_max><scale_min>0</scale_min><show_help>false</show_help><summary_macro/><sys_class_name>item_option_new</sys_class_name><sys_created_by>admin</sys_created_by><sys_created_on>2015-05-26 13:19:27</sys_created_on><sys_customer_update>true</sys_customer_update><sys_id>814061cd0f940200adc3cf8ce1050e56</sys_id><sys_mod_count>0</sys_mod_count><sys_name>Name</sys_name><sys_package display_value="RightScaleCloudManagement" source="x_ris_rightscale_c">adee18db0f61f100bad2fc5be1050e29</sys_package><sys_policy/><sys_replace_on_upgrade>false</sys_replace_on_upgrade><sys_scope display_value="RightScaleCloudManagement">adee18db0f61f100bad2fc5be1050e29</sys_scope><sys_update_name>item_option_new_431502094fd771001816e321a310c7f8</sys_update_name><sys_updated_by>admin</sys_updated_by><sys_updated_on>2015-05-26 13:19:27</sys_updated_on><table/><type>6</type><ui_page/><use_dynamic_default>false</use_dynamic_default><use_reference_qualifier>simple</use_reference_qualifier><variable_name/><variable_set/><visibility>1</visibility><visible_bundle>true</visible_bundle><visible_guide>true</visible_guide><visible_standalone>true</visible_standalone><visible_summary>true</visible_summary><write_roles/></item_option_new><sys_translated_text action="delete_multiple" query="documentkey=814061cd0f940200adc3cf8ce1050e56"/></record_update>]]></payload>
<remote_update_set display_value="PIB_CorporateStandardWindowsServer">8123e9410fd40200adc3cf8ce1050eff</remote_update_set>
<replace_on_upgrade>false</replace_on_upgrade>
<sys_created_by>admin</sys_created_by>
<sys_created_on>2015-05-26 13:32:00</sys_created_on>
<sys_id>c523e9410fd40200adc3cf8ce1050eff</sys_id>
<sys_mod_count>0</sys_mod_count>
<sys_updated_by>admin</sys_updated_by>
<sys_updated_on>2015-05-26 13:32:00</sys_updated_on>
<table/>
<target_name>Name</target_name>
<type>Variable</type>
<update_domain>global                          </update_domain>
<update_set display_value=""/>
<view/>
</sys_update_xml>
<sys_update_xml action="INSERT_OR_UPDATE">
<action>INSERT_OR_UPDATE</action>
<application display_value="RightScaleCloudManagement">adee18db0f61f100bad2fc5be1050e29</application>
<category>customer</category>
<comments/>
<name>sc_cat_item_catalog_4d4061cd0f940200adc3cf8ce1050e54</name>
<payload><![CDATA[<?xml version="1.0" encoding="UTF-8"?><record_update table="sc_cat_item_catalog"><sc_cat_item_catalog action="INSERT_OR_UPDATE"><sc_cat_item display_value="Copy of Launch Application">b04061cd0f940200adc3cf8ce1050e54</sc_cat_item><sc_catalog display_value="Service Catalog">e0d08b13c3330100c8b837659bba8fb4</sc_catalog><sys_class_name>sc_cat_item_catalog</sys_class_name><sys_created_by>admin</sys_created_by><sys_created_on>2015-05-26 13:19:26</sys_created_on><sys_customer_update>true</sys_customer_update><sys_id>4d4061cd0f940200adc3cf8ce1050e54</sys_id><sys_mod_count>0</sys_mod_count><sys_name>Service Catalog.Copy of Launch Application</sys_name><sys_package display_value="RightScaleCloudManagement" source="x_ris_rightscale_c">adee18db0f61f100bad2fc5be1050e29</sys_package><sys_policy/><sys_replace_on_upgrade>false</sys_replace_on_upgrade><sys_scope display_value="RightScaleCloudManagement">adee18db0f61f100bad2fc5be1050e29</sys_scope><sys_update_name>sc_cat_item_catalog_4d4061cd0f940200adc3cf8ce1050e54</sys_update_name><sys_updated_by>admin</sys_updated_by><sys_updated_on>2015-05-26 13:19:26</sys_updated_on></sc_cat_item_catalog></record_update>]]></payload>
<remote_update_set display_value="PIB_CorporateStandardWindowsServer">8123e9410fd40200adc3cf8ce1050eff</remote_update_set>
<replace_on_upgrade>false</replace_on_upgrade>
<sys_created_by>admin</sys_created_by>
<sys_created_on>2015-05-26 13:32:00</sys_created_on>
<sys_id>c9232d410fd40200adc3cf8ce1050e00</sys_id>
<sys_mod_count>0</sys_mod_count>
<sys_updated_by>admin</sys_updated_by>
<sys_updated_on>2015-05-26 13:32:00</sys_updated_on>
<table/>
<target_name>Service Catalog.Copy of Launch Application</target_name>
<type>Catalog Items Catalog</type>
<update_domain>global                          </update_domain>
<update_set display_value=""/>
<view/>
</sys_update_xml>
<sys_update_xml action="INSERT_OR_UPDATE">
<action>INSERT_OR_UPDATE</action>
<application display_value="RightScaleCloudManagement">adee18db0f61f100bad2fc5be1050e29</application>
<category>customer</category>
<comments/>
<name>item_option_new_df722d410fd40200adc3cf8ce1050eee</name>
<payload><![CDATA[<?xml version="1.0" encoding="UTF-8"?><record_update table="item_option_new"><item_option_new action="INSERT_OR_UPDATE"><active>true</active><attributes/><cat_item display_value="Corporate Standard Windows Server">b04061cd0f940200adc3cf8ce1050e54</cat_item><category/><choice_direction>down</choice_direction><choice_field/><choice_table/><create_roles/><default_html_value/><default_value/><delete_roles/><delivery_plan/><description/><display_title>false</display_title><do_not_select_first>false</do_not_select_first><dynamic_default_value/><dynamic_ref_qual/><field/><global>false</global><help_tag>Password rules</help_tag><help_text>Minimum at least 8 characters and must contain at least one of each of the following:&#13;
Uppercase characters, &#13;
Lowercase characters, &#13;
Digits 0-9, &#13;
Non alphanumeric characters [@#$%^\u0026+=]</help_text><include_none>false</include_none><layout>normal</layout><list_table/><lookup_label/><lookup_price/><lookup_table/><lookup_unique>false</lookup_unique><lookup_value/><macro/><mandatory>false</mandatory><map_to_field>false</map_to_field><mask_use_confirmation>false</mask_use_confirmation><mask_use_encryption>false</mask_use_encryption><name>param_password</name><order>29</order><price_if_checked>0</price_if_checked><pricing_implications>false</pricing_implications><question_text>Windows Password</question_text><read_roles/><rec_lookup_price/><rec_price_if_checked>0</rec_price_if_checked><record/><record_producer_table/><reference/><reference_qual/><reference_qual_condition/><scale_max>5</scale_max><scale_min>0</scale_min><show_help>true</show_help><summary_macro/><sys_class_name>item_option_new</sys_class_name><sys_created_by>admin</sys_created_by><sys_created_on>2015-05-26 13:30:35</sys_created_on><sys_customer_update>true</sys_customer_update><sys_id>df722d410fd40200adc3cf8ce1050eee</sys_id><sys_mod_count>0</sys_mod_count><sys_name>Windows Password</sys_name><sys_package display_value="RightScaleCloudManagement" source="x_ris_rightscale_c">adee18db0f61f100bad2fc5be1050e29</sys_package><sys_policy/><sys_replace_on_upgrade>false</sys_replace_on_upgrade><sys_scope display_value="RightScaleCloudManagement">adee18db0f61f100bad2fc5be1050e29</sys_scope><sys_update_name>item_option_new_df722d410fd40200adc3cf8ce1050eee</sys_update_name><sys_updated_by>admin</sys_updated_by><sys_updated_on>2015-05-26 13:30:35</sys_updated_on><table/><type>25</type><ui_page/><use_dynamic_default>false</use_dynamic_default><use_reference_qualifier>simple</use_reference_qualifier><variable_name/><variable_set/><visibility>1</visibility><visible_bundle>true</visible_bundle><visible_guide>true</visible_guide><visible_standalone>true</visible_standalone><visible_summary>true</visible_summary><write_roles/></item_option_new><sys_translated_text action="delete_multiple" query="documentkey=df722d410fd40200adc3cf8ce1050eee"/></record_update>]]></payload>
<remote_update_set display_value="PIB_CorporateStandardWindowsServer">8123e9410fd40200adc3cf8ce1050eff</remote_update_set>
<replace_on_upgrade>false</replace_on_upgrade>
<sys_created_by>admin</sys_created_by>
<sys_created_on>2015-05-26 13:32:00</sys_created_on>
<sys_id>c923e9410fd40200adc3cf8ce1050eff</sys_id>
<sys_mod_count>0</sys_mod_count>
<sys_updated_by>admin</sys_updated_by>
<sys_updated_on>2015-05-26 13:32:00</sys_updated_on>
<table/>
<target_name>Windows Password</target_name>
<type>Variable</type>
<update_domain>global                          </update_domain>
<update_set display_value=""/>
<view/>
</sys_update_xml>
<sys_update_xml action="INSERT_OR_UPDATE">
<action>INSERT_OR_UPDATE</action>
<application display_value="RightScaleCloudManagement">adee18db0f61f100bad2fc5be1050e29</application>
<category>customer</category>
<comments/>
<name>question_choice_454061cd0f940200adc3cf8ce1050e58</name>
<payload><![CDATA[<?xml version="1.0" encoding="UTF-8"?><record_update table="question_choice"><question_choice action="INSERT_OR_UPDATE"><misc>0</misc><order>200</order><question display_value="Schedule name">494061cd0f940200adc3cf8ce1050e55</question><rec_misc>0</rec_misc><sys_class_name>question_choice</sys_class_name><sys_created_by>admin</sys_created_by><sys_created_on>2015-05-26 13:19:27</sys_created_on><sys_customer_update>true</sys_customer_update><sys_id>454061cd0f940200adc3cf8ce1050e58</sys_id><sys_mod_count>0</sys_mod_count><sys_name>Business Hours</sys_name><sys_package display_value="RightScaleCloudManagement" source="x_ris_rightscale_c">adee18db0f61f100bad2fc5be1050e29</sys_package><sys_policy/><sys_replace_on_upgrade>false</sys_replace_on_upgrade><sys_scope display_value="RightScaleCloudManagement">adee18db0f61f100bad2fc5be1050e29</sys_scope><sys_update_name>question_choice_454061cd0f940200adc3cf8ce1050e58</sys_update_name><sys_updated_by>admin</sys_updated_by><sys_updated_on>2015-05-26 13:19:27</sys_updated_on><text>Business Hours</text><value>Business Hours</value></question_choice><fx_price action="delete_multiple" query="id=454061cd0f940200adc3cf8ce1050e58"/><fx_price action="INSERT_OR_UPDATE"><amount>0</amount><currency display_value="USD">USD</currency><field>misc</field><id>454061cd0f940200adc3cf8ce1050e58</id><parent/><reference_amount>0</reference_amount><reference_currency display_value="USD">USD</reference_currency><sys_created_by>admin</sys_created_by><sys_created_on>2015-05-26 13:19:27</sys_created_on><sys_id>494061cd0f940200adc3cf8ce1050e58</sys_id><sys_mod_count>0</sys_mod_count><sys_updated_by>admin</sys_updated_by><sys_updated_on>2015-05-26 13:19:27</sys_updated_on><table>question_choice</table><type>calculated</type></fx_price><fx_price action="INSERT_OR_UPDATE"><amount>0</amount><currency display_value="USD">USD</currency><field>rec_misc</field><id>454061cd0f940200adc3cf8ce1050e58</id><parent/><reference_amount>0</reference_amount><reference_currency display_value="USD">USD</reference_currency><sys_created_by>admin</sys_created_by><sys_created_on>2015-05-26 13:19:27</sys_created_on><sys_id>094061cd0f940200adc3cf8ce1050e58</sys_id><sys_mod_count>0</sys_mod_count><sys_updated_by>admin</sys_updated_by><sys_updated_on>2015-05-26 13:19:27</sys_updated_on><table>question_choice</table><type>calculated</type></fx_price></record_update>]]></payload>
<remote_update_set display_value="PIB_CorporateStandardWindowsServer">8123e9410fd40200adc3cf8ce1050eff</remote_update_set>
<replace_on_upgrade>false</replace_on_upgrade>
<sys_created_by>admin</sys_created_by>
<sys_created_on>2015-05-26 13:32:00</sys_created_on>
<sys_id>cd23e9410fd40200adc3cf8ce1050eff</sys_id>
<sys_mod_count>0</sys_mod_count>
<sys_updated_by>admin</sys_updated_by>
<sys_updated_on>2015-05-26 13:32:00</sys_updated_on>
<table/>
<target_name>Business Hours</target_name>
<type>Question Choice</type>
<update_domain>global                          </update_domain>
<update_set display_value=""/>
<view/>
</sys_update_xml>
</unload>
