<?xml version="1.0" encoding="UTF-8"?>
<unload unload_date="2015-05-26 14:58:08">
<sys_remote_update_set action="INSERT_OR_UPDATE">
<application display_value="RightScaleCloudManagement">adee18db0f61f100bad2fc5be1050e29</application>
<application_name>RightScaleCloudManagement</application_name>
<application_scope>x_ris_rightscale_c</application_scope>
<application_version>1.0.0</application_version>
<collisions/>
<commit_date/>
<deleted/>
<description>Automatically created by the system</description>
<inserted/>
<name>DockerContainerWith WordPress</name>
<origin_sys_id/>
<release_date/>
<remote_sys_id>b1f5b9c10fd40200adc3cf8ce1050e55</remote_sys_id>
<state>loaded</state>
<summary/>
<sys_created_by>admin</sys_created_by>
<sys_created_on>2015-05-26 14:58:08</sys_created_on>
<sys_id>e6d6b9c10fd40200adc3cf8ce1050ee5</sys_id>
<sys_mod_count>0</sys_mod_count>
<sys_updated_by>admin</sys_updated_by>
<sys_updated_on>2015-05-26 14:58:08</sys_updated_on>
<update_set display_value=""/>
<update_source display_value=""/>
<updated/>
</sys_remote_update_set>
<sys_update_xml action="INSERT_OR_UPDATE">
<action>INSERT_OR_UPDATE</action>
<application display_value="RightScaleCloudManagement">adee18db0f61f100bad2fc5be1050e29</application>
<category>customer</category>
<comments/>
<name>question_choice_a20635c10fd40200adc3cf8ce1050ed0</name>
<payload><![CDATA[<?xml version="1.0" encoding="UTF-8"?><record_update table="question_choice"><question_choice action="INSERT_OR_UPDATE"><misc>0</misc><order>100</order><question display_value="Schedule name">5e0635c10fd40200adc3cf8ce1050ecd</question><rec_misc>0</rec_misc><sys_class_name>question_choice</sys_class_name><sys_created_by>admin</sys_created_by><sys_created_on>2015-05-26 14:54:34</sys_created_on><sys_customer_update>true</sys_customer_update><sys_id>a20635c10fd40200adc3cf8ce1050ed0</sys_id><sys_mod_count>0</sys_mod_count><sys_name>Always On</sys_name><sys_package display_value="RightScaleCloudManagement" source="x_ris_rightscale_c">adee18db0f61f100bad2fc5be1050e29</sys_package><sys_policy/><sys_replace_on_upgrade>false</sys_replace_on_upgrade><sys_scope display_value="RightScaleCloudManagement">adee18db0f61f100bad2fc5be1050e29</sys_scope><sys_update_name>question_choice_a20635c10fd40200adc3cf8ce1050ed0</sys_update_name><sys_updated_by>admin</sys_updated_by><sys_updated_on>2015-05-26 14:54:34</sys_updated_on><text>Always On</text><value> </value></question_choice><fx_price action="delete_multiple" query="id=a20635c10fd40200adc3cf8ce1050ed0"/><fx_price action="INSERT_OR_UPDATE"><amount>0</amount><currency display_value="USD">USD</currency><field>misc</field><id>a20635c10fd40200adc3cf8ce1050ed0</id><parent/><reference_amount>0</reference_amount><reference_currency display_value="USD">USD</reference_currency><sys_created_by>admin</sys_created_by><sys_created_on>2015-05-26 14:54:34</sys_created_on><sys_id>a60635c10fd40200adc3cf8ce1050ed0</sys_id><sys_mod_count>0</sys_mod_count><sys_updated_by>admin</sys_updated_by><sys_updated_on>2015-05-26 14:54:34</sys_updated_on><table>question_choice</table><type>calculated</type></fx_price><fx_price action="INSERT_OR_UPDATE"><amount>0</amount><currency display_value="USD">USD</currency><field>rec_misc</field><id>a20635c10fd40200adc3cf8ce1050ed0</id><parent/><reference_amount>0</reference_amount><reference_currency display_value="USD">USD</reference_currency><sys_created_by>admin</sys_created_by><sys_created_on>2015-05-26 14:54:34</sys_created_on><sys_id>660635c10fd40200adc3cf8ce1050ed0</sys_id><sys_mod_count>0</sys_mod_count><sys_updated_by>admin</sys_updated_by><sys_updated_on>2015-05-26 14:54:34</sys_updated_on><table>question_choice</table><type>calculated</type></fx_price></record_update>]]></payload>
<remote_update_set display_value="DockerContainerWith WordPress">e6d6b9c10fd40200adc3cf8ce1050ee5</remote_update_set>
<replace_on_upgrade>false</replace_on_upgrade>
<sys_created_by>admin</sys_created_by>
<sys_created_on>2015-05-26 14:58:08</sys_created_on>
<sys_id>22d6b9c10fd40200adc3cf8ce1050ee6</sys_id>
<sys_mod_count>0</sys_mod_count>
<sys_updated_by>admin</sys_updated_by>
<sys_updated_on>2015-05-26 14:58:08</sys_updated_on>
<table/>
<target_name>Always On</target_name>
<type>Question Choice</type>
<update_domain>global                          </update_domain>
<update_set display_value=""/>
<view/>
</sys_update_xml>
<sys_update_xml action="INSERT_OR_UPDATE">
<action>INSERT_OR_UPDATE</action>
<application display_value="RightScaleCloudManagement">adee18db0f61f100bad2fc5be1050e29</application>
<category>customer</category>
<comments/>
<name>sc_cat_item_d60635c10fd40200adc3cf8ce1050ecc</name>
<payload><![CDATA[<?xml version="1.0" encoding="UTF-8"?><record_update table="sc_cat_item"><sc_cat_item action="INSERT_OR_UPDATE"><active>true</active><availability>on_desktop</availability><billable>false</billable><category/><cost>0</cost><custom_cart/><delivery_plan/><delivery_plan_script/><delivery_time>1970-01-03 00:00:00</delivery_time><description/><entitlement_script/><group/><icon/><ignore_price>true</ignore_price><image/><list_price>0</list_price><location/><meta/><mobile_hide_price>false</mobile_hide_price><mobile_picture/><mobile_picture_type>use_desktop_picture</mobile_picture_type><model/><name>Docker Container with  WordPress</name><no_cart>false</no_cart><no_order>false</no_order><no_order_now>false</no_order_now><no_proceed_checkout>false</no_proceed_checkout><no_quantity>false</no_quantity><no_search>false</no_search><omit_price>false</omit_price><order>0</order><ordered_item_link/><picture/><preview>JavaScript: popupOpenStandard("./com.glideapp.servicecatalog_cat_item_view.do?v=1&amp;sysparm_id=d60635c10fd40200adc3cf8ce1050ecc&amp;sysparm_preview=true", "summary");</preview><price>0.00</price><recurring_frequency/><recurring_price>0.00</recurring_price><roles/><sc_catalogs>e0d08b13c3330100c8b837659bba8fb4</sc_catalogs><sc_ic_item_staging/><sc_ic_version/><short_description/><start_closed>false</start_closed><sys_class_name>sc_cat_item</sys_class_name><sys_created_by>admin</sys_created_by><sys_created_on>2015-05-26 14:54:34</sys_created_on><sys_customer_update>true</sys_customer_update><sys_id>d60635c10fd40200adc3cf8ce1050ecc</sys_id><sys_mod_count>1</sys_mod_count><sys_name>Docker Container with  WordPress</sys_name><sys_package display_value="RightScaleCloudManagement" source="x_ris_rightscale_c">adee18db0f61f100bad2fc5be1050e29</sys_package><sys_policy/><sys_replace_on_upgrade>false</sys_replace_on_upgrade><sys_scope display_value="RightScaleCloudManagement">adee18db0f61f100bad2fc5be1050e29</sys_scope><sys_update_name>sc_cat_item_d60635c10fd40200adc3cf8ce1050ecc</sys_update_name><sys_updated_by>admin</sys_updated_by><sys_updated_on>2015-05-26 14:54:48</sys_updated_on><template/><type>item</type><use_sc_layout>true</use_sc_layout><vendor/><visible_bundle>true</visible_bundle><visible_guide>true</visible_guide><visible_standalone>true</visible_standalone><workflow display_value="Self-Service Launch Application">74ee3c2a0f96b500bad2fc5be1050eb4</workflow></sc_cat_item><sys_translated_text action="delete_multiple" query="documentkey=d60635c10fd40200adc3cf8ce1050ecc"/><fx_price action="delete_multiple" query="id=d60635c10fd40200adc3cf8ce1050ecc"/><fx_price action="INSERT_OR_UPDATE"><amount>0</amount><currency display_value="USD">USD</currency><field>price</field><id>d60635c10fd40200adc3cf8ce1050ecc</id><parent/><reference_amount>0</reference_amount><reference_currency display_value="USD">USD</reference_currency><sys_created_by>admin</sys_created_by><sys_created_on>2015-05-26 14:54:34</sys_created_on><sys_id>da0635c10fd40200adc3cf8ce1050ecc</sys_id><sys_mod_count>0</sys_mod_count><sys_updated_by>admin</sys_updated_by><sys_updated_on>2015-05-26 14:54:34</sys_updated_on><table>sc_cat_item</table><type>calculated</type></fx_price><fx_price action="INSERT_OR_UPDATE"><amount>0</amount><currency display_value="USD">USD</currency><field>recurring_price</field><id>d60635c10fd40200adc3cf8ce1050ecc</id><parent/><reference_amount>0</reference_amount><reference_currency display_value="USD">USD</reference_currency><sys_created_by>admin</sys_created_by><sys_created_on>2015-05-26 14:54:34</sys_created_on><sys_id>5e0635c10fd40200adc3cf8ce1050ecc</sys_id><sys_mod_count>0</sys_mod_count><sys_updated_by>admin</sys_updated_by><sys_updated_on>2015-05-26 14:54:34</sys_updated_on><table>sc_cat_item</table><type>calculated</type></fx_price></record_update>]]></payload>
<remote_update_set display_value="DockerContainerWith WordPress">e6d6b9c10fd40200adc3cf8ce1050ee5</remote_update_set>
<replace_on_upgrade>false</replace_on_upgrade>
<sys_created_by>admin</sys_created_by>
<sys_created_on>2015-05-26 14:58:08</sys_created_on>
<sys_id>26d6b9c10fd40200adc3cf8ce1050ee6</sys_id>
<sys_mod_count>0</sys_mod_count>
<sys_updated_by>admin</sys_updated_by>
<sys_updated_on>2015-05-26 14:58:08</sys_updated_on>
<table/>
<target_name>Docker Container with  WordPress</target_name>
<type>Catalog Item</type>
<update_domain>global</update_domain>
<update_set display_value=""/>
<view/>
</sys_update_xml>
<sys_update_xml action="INSERT_OR_UPDATE">
<action>INSERT_OR_UPDATE</action>
<application display_value="RightScaleCloudManagement">adee18db0f61f100bad2fc5be1050e29</application>
<category>customer</category>
<comments/>
<name>item_option_new_220635c10fd40200adc3cf8ce1050ecf</name>
<payload><![CDATA[<?xml version="1.0" encoding="UTF-8"?><record_update table="item_option_new"><item_option_new action="INSERT_OR_UPDATE"><active>true</active><attributes/><cat_item display_value="Copy of Launch Application">d60635c10fd40200adc3cf8ce1050ecc</cat_item><category/><choice_direction>down</choice_direction><choice_field/><choice_table/><create_roles/><default_html_value/><default_value/><delete_roles/><delivery_plan/><description/><display_title>false</display_title><do_not_select_first>false</do_not_select_first><dynamic_default_value/><dynamic_ref_qual/><field/><global>false</global><help_tag>More information</help_tag><help_text/><include_none>false</include_none><layout>normal</layout><list_table/><lookup_label/><lookup_price/><lookup_table/><lookup_unique>false</lookup_unique><lookup_value/><macro/><mandatory>false</mandatory><map_to_field>false</map_to_field><mask_use_confirmation>false</mask_use_confirmation><mask_use_encryption>false</mask_use_encryption><name>u_description</name><order>20</order><price_if_checked>0</price_if_checked><pricing_implications>false</pricing_implications><question_text>Description</question_text><read_roles/><rec_lookup_price/><rec_price_if_checked>0</rec_price_if_checked><record/><record_producer_table/><reference/><reference_qual/><reference_qual_condition/><scale_max>5</scale_max><scale_min>0</scale_min><show_help>false</show_help><summary_macro/><sys_class_name>item_option_new</sys_class_name><sys_created_by>admin</sys_created_by><sys_created_on>2015-05-26 14:54:34</sys_created_on><sys_customer_update>true</sys_customer_update><sys_id>220635c10fd40200adc3cf8ce1050ecf</sys_id><sys_mod_count>0</sys_mod_count><sys_name>Description</sys_name><sys_package display_value="RightScaleCloudManagement" source="x_ris_rightscale_c">adee18db0f61f100bad2fc5be1050e29</sys_package><sys_policy/><sys_replace_on_upgrade>false</sys_replace_on_upgrade><sys_scope display_value="RightScaleCloudManagement">adee18db0f61f100bad2fc5be1050e29</sys_scope><sys_update_name>item_option_new_59c48a094fd771001816e321a310c7a3</sys_update_name><sys_updated_by>admin</sys_updated_by><sys_updated_on>2015-05-26 14:54:34</sys_updated_on><table/><type>2</type><ui_page/><use_dynamic_default>false</use_dynamic_default><use_reference_qualifier>simple</use_reference_qualifier><variable_name/><variable_set/><visibility>1</visibility><visible_bundle>true</visible_bundle><visible_guide>true</visible_guide><visible_standalone>true</visible_standalone><visible_summary>true</visible_summary><write_roles/></item_option_new><sys_translated_text action="delete_multiple" query="documentkey=220635c10fd40200adc3cf8ce1050ecf"/></record_update>]]></payload>
<remote_update_set display_value="DockerContainerWith WordPress">e6d6b9c10fd40200adc3cf8ce1050ee5</remote_update_set>
<replace_on_upgrade>false</replace_on_upgrade>
<sys_created_by>admin</sys_created_by>
<sys_created_on>2015-05-26 14:58:08</sys_created_on>
<sys_id>2ad6b9c10fd40200adc3cf8ce1050ee5</sys_id>
<sys_mod_count>0</sys_mod_count>
<sys_updated_by>admin</sys_updated_by>
<sys_updated_on>2015-05-26 14:58:08</sys_updated_on>
<table/>
<target_name>Description</target_name>
<type>Variable</type>
<update_domain>global                          </update_domain>
<update_set display_value=""/>
<view/>
</sys_update_xml>
<sys_update_xml action="INSERT_OR_UPDATE">
<action>INSERT_OR_UPDATE</action>
<application display_value="RightScaleCloudManagement">adee18db0f61f100bad2fc5be1050e29</application>
<category>customer</category>
<comments/>
<name>item_option_new_e60635c10fd40200adc3cf8ce1050ece</name>
<payload><![CDATA[<?xml version="1.0" encoding="UTF-8"?><record_update table="item_option_new"><item_option_new action="INSERT_OR_UPDATE"><active>true</active><attributes/><cat_item display_value="Copy of Launch Application">d60635c10fd40200adc3cf8ce1050ecc</cat_item><category/><choice_direction>down</choice_direction><choice_field/><choice_table/><create_roles/><default_html_value/><default_value/><delete_roles/><delivery_plan/><description/><display_title>false</display_title><do_not_select_first>false</do_not_select_first><dynamic_default_value/><dynamic_ref_qual/><field/><global>false</global><help_tag>More information</help_tag><help_text/><include_none>false</include_none><layout>normal</layout><list_table/><lookup_label/><lookup_price/><lookup_table/><lookup_unique>false</lookup_unique><lookup_value/><macro/><mandatory>false</mandatory><map_to_field>false</map_to_field><mask_use_confirmation>false</mask_use_confirmation><mask_use_encryption>false</mask_use_encryption><name>u_name</name><order>10</order><price_if_checked>0</price_if_checked><pricing_implications>false</pricing_implications><question_text>Name</question_text><read_roles/><rec_lookup_price/><rec_price_if_checked>0</rec_price_if_checked><record/><record_producer_table/><reference/><reference_qual/><reference_qual_condition/><scale_max>5</scale_max><scale_min>0</scale_min><show_help>false</show_help><summary_macro/><sys_class_name>item_option_new</sys_class_name><sys_created_by>admin</sys_created_by><sys_created_on>2015-05-26 14:54:34</sys_created_on><sys_customer_update>true</sys_customer_update><sys_id>e60635c10fd40200adc3cf8ce1050ece</sys_id><sys_mod_count>0</sys_mod_count><sys_name>Name</sys_name><sys_package display_value="RightScaleCloudManagement" source="x_ris_rightscale_c">adee18db0f61f100bad2fc5be1050e29</sys_package><sys_policy/><sys_replace_on_upgrade>false</sys_replace_on_upgrade><sys_scope display_value="RightScaleCloudManagement">adee18db0f61f100bad2fc5be1050e29</sys_scope><sys_update_name>item_option_new_431502094fd771001816e321a310c7f8</sys_update_name><sys_updated_by>admin</sys_updated_by><sys_updated_on>2015-05-26 14:54:34</sys_updated_on><table/><type>6</type><ui_page/><use_dynamic_default>false</use_dynamic_default><use_reference_qualifier>simple</use_reference_qualifier><variable_name/><variable_set/><visibility>1</visibility><visible_bundle>true</visible_bundle><visible_guide>true</visible_guide><visible_standalone>true</visible_standalone><visible_summary>true</visible_summary><write_roles/></item_option_new><sys_translated_text action="delete_multiple" query="documentkey=e60635c10fd40200adc3cf8ce1050ece"/></record_update>]]></payload>
<remote_update_set display_value="DockerContainerWith WordPress">e6d6b9c10fd40200adc3cf8ce1050ee5</remote_update_set>
<replace_on_upgrade>false</replace_on_upgrade>
<sys_created_by>admin</sys_created_by>
<sys_created_on>2015-05-26 14:58:08</sys_created_on>
<sys_id>2ed6b9c10fd40200adc3cf8ce1050ee5</sys_id>
<sys_mod_count>0</sys_mod_count>
<sys_updated_by>admin</sys_updated_by>
<sys_updated_on>2015-05-26 14:58:08</sys_updated_on>
<table/>
<target_name>Name</target_name>
<type>Variable</type>
<update_domain>global                          </update_domain>
<update_set display_value=""/>
<view/>
</sys_update_xml>
<sys_update_xml action="INSERT_OR_UPDATE">
<action>INSERT_OR_UPDATE</action>
<application display_value="RightScaleCloudManagement">adee18db0f61f100bad2fc5be1050e29</application>
<category>customer</category>
<comments/>
<name>question_choice_aa0635c10fd40200adc3cf8ce1050ed0</name>
<payload><![CDATA[<?xml version="1.0" encoding="UTF-8"?><record_update table="question_choice"><question_choice action="INSERT_OR_UPDATE"><misc>0</misc><order>200</order><question display_value="Schedule name">5e0635c10fd40200adc3cf8ce1050ecd</question><rec_misc>0</rec_misc><sys_class_name>question_choice</sys_class_name><sys_created_by>admin</sys_created_by><sys_created_on>2015-05-26 14:54:35</sys_created_on><sys_customer_update>true</sys_customer_update><sys_id>aa0635c10fd40200adc3cf8ce1050ed0</sys_id><sys_mod_count>0</sys_mod_count><sys_name>Business Hours</sys_name><sys_package display_value="RightScaleCloudManagement" source="x_ris_rightscale_c">adee18db0f61f100bad2fc5be1050e29</sys_package><sys_policy/><sys_replace_on_upgrade>false</sys_replace_on_upgrade><sys_scope display_value="RightScaleCloudManagement">adee18db0f61f100bad2fc5be1050e29</sys_scope><sys_update_name>question_choice_aa0635c10fd40200adc3cf8ce1050ed0</sys_update_name><sys_updated_by>admin</sys_updated_by><sys_updated_on>2015-05-26 14:54:35</sys_updated_on><text>Business Hours</text><value>Business Hours</value></question_choice><fx_price action="delete_multiple" query="id=aa0635c10fd40200adc3cf8ce1050ed0"/><fx_price action="INSERT_OR_UPDATE"><amount>0</amount><currency display_value="USD">USD</currency><field>misc</field><id>aa0635c10fd40200adc3cf8ce1050ed0</id><parent/><reference_amount>0</reference_amount><reference_currency display_value="USD">USD</reference_currency><sys_created_by>admin</sys_created_by><sys_created_on>2015-05-26 14:54:35</sys_created_on><sys_id>ae0635c10fd40200adc3cf8ce1050ed0</sys_id><sys_mod_count>0</sys_mod_count><sys_updated_by>admin</sys_updated_by><sys_updated_on>2015-05-26 14:54:35</sys_updated_on><table>question_choice</table><type>calculated</type></fx_price><fx_price action="INSERT_OR_UPDATE"><amount>0</amount><currency display_value="USD">USD</currency><field>rec_misc</field><id>aa0635c10fd40200adc3cf8ce1050ed0</id><parent/><reference_amount>0</reference_amount><reference_currency display_value="USD">USD</reference_currency><sys_created_by>admin</sys_created_by><sys_created_on>2015-05-26 14:54:35</sys_created_on><sys_id>6e0635c10fd40200adc3cf8ce1050ed0</sys_id><sys_mod_count>0</sys_mod_count><sys_updated_by>admin</sys_updated_by><sys_updated_on>2015-05-26 14:54:35</sys_updated_on><table>question_choice</table><type>calculated</type></fx_price></record_update>]]></payload>
<remote_update_set display_value="DockerContainerWith WordPress">e6d6b9c10fd40200adc3cf8ce1050ee5</remote_update_set>
<replace_on_upgrade>false</replace_on_upgrade>
<sys_created_by>admin</sys_created_by>
<sys_created_on>2015-05-26 14:58:08</sys_created_on>
<sys_id>62d6b9c10fd40200adc3cf8ce1050ee6</sys_id>
<sys_mod_count>0</sys_mod_count>
<sys_updated_by>admin</sys_updated_by>
<sys_updated_on>2015-05-26 14:58:08</sys_updated_on>
<table/>
<target_name>Business Hours</target_name>
<type>Question Choice</type>
<update_domain>global                          </update_domain>
<update_set display_value=""/>
<view/>
</sys_update_xml>
<sys_update_xml action="INSERT_OR_UPDATE">
<action>INSERT_OR_UPDATE</action>
<application display_value="RightScaleCloudManagement">adee18db0f61f100bad2fc5be1050e29</application>
<category>customer</category>
<comments/>
<name>item_option_new_5e0635c10fd40200adc3cf8ce1050ecd</name>
<payload><![CDATA[<?xml version="1.0" encoding="UTF-8"?><record_update table="item_option_new"><item_option_new action="INSERT_OR_UPDATE"><active>true</active><attributes/><cat_item display_value="Copy of Launch Application">d60635c10fd40200adc3cf8ce1050ecc</cat_item><category/><choice_direction>down</choice_direction><choice_field/><choice_table/><create_roles/><default_html_value/><default_value>Business Hours</default_value><delete_roles/><delivery_plan/><description/><display_title>false</display_title><do_not_select_first>false</do_not_select_first><dynamic_default_value/><dynamic_ref_qual/><field/><global>false</global><help_tag>More information</help_tag><help_text/><include_none>false</include_none><layout>normal</layout><list_table/><lookup_label/><lookup_price/><lookup_table/><lookup_unique>false</lookup_unique><lookup_value/><macro/><mandatory>false</mandatory><map_to_field>false</map_to_field><mask_use_confirmation>false</mask_use_confirmation><mask_use_encryption>false</mask_use_encryption><name>u_schedule_name</name><order>30</order><price_if_checked>0</price_if_checked><pricing_implications>false</pricing_implications><question_text>Schedule name</question_text><read_roles/><rec_lookup_price/><rec_price_if_checked>0</rec_price_if_checked><record/><record_producer_table/><reference/><reference_qual/><reference_qual_condition/><scale_max>5</scale_max><scale_min>0</scale_min><show_help>false</show_help><summary_macro/><sys_class_name>item_option_new</sys_class_name><sys_created_by>admin</sys_created_by><sys_created_on>2015-05-26 14:54:34</sys_created_on><sys_customer_update>true</sys_customer_update><sys_id>5e0635c10fd40200adc3cf8ce1050ecd</sys_id><sys_mod_count>0</sys_mod_count><sys_name>Schedule name</sys_name><sys_package display_value="RightScaleCloudManagement" source="x_ris_rightscale_c">adee18db0f61f100bad2fc5be1050e29</sys_package><sys_policy/><sys_replace_on_upgrade>false</sys_replace_on_upgrade><sys_scope display_value="RightScaleCloudManagement">adee18db0f61f100bad2fc5be1050e29</sys_scope><sys_update_name>item_option_new_11e48a094fd771001816e321a310c77a</sys_update_name><sys_updated_by>admin</sys_updated_by><sys_updated_on>2015-05-26 14:54:34</sys_updated_on><table/><type>5</type><ui_page/><use_dynamic_default>false</use_dynamic_default><use_reference_qualifier>simple</use_reference_qualifier><variable_name/><variable_set/><visibility>1</visibility><visible_bundle>true</visible_bundle><visible_guide>true</visible_guide><visible_standalone>true</visible_standalone><visible_summary>true</visible_summary><write_roles/></item_option_new><sys_translated_text action="delete_multiple" query="documentkey=5e0635c10fd40200adc3cf8ce1050ecd"/></record_update>]]></payload>
<remote_update_set display_value="DockerContainerWith WordPress">e6d6b9c10fd40200adc3cf8ce1050ee5</remote_update_set>
<replace_on_upgrade>false</replace_on_upgrade>
<sys_created_by>admin</sys_created_by>
<sys_created_on>2015-05-26 14:58:08</sys_created_on>
<sys_id>6ad6b9c10fd40200adc3cf8ce1050ee5</sys_id>
<sys_mod_count>0</sys_mod_count>
<sys_updated_by>admin</sys_updated_by>
<sys_updated_on>2015-05-26 14:58:08</sys_updated_on>
<table/>
<target_name>Schedule name</target_name>
<type>Variable</type>
<update_domain>global                          </update_domain>
<update_set display_value=""/>
<view/>
</sys_update_xml>
<sys_update_xml action="INSERT_OR_UPDATE">
<action>INSERT_OR_UPDATE</action>
<application display_value="RightScaleCloudManagement">adee18db0f61f100bad2fc5be1050e29</application>
<category>customer</category>
<comments/>
<name>question_choice_1966f9c10fd40200adc3cf8ce1050e54</name>
<payload><![CDATA[<?xml version="1.0" encoding="UTF-8"?><record_update table="question_choice"><question_choice action="INSERT_OR_UPDATE"><misc>0.00</misc><order>300</order><question display_value="Cloud">b426b9c10fd40200adc3cf8ce1050edc</question><rec_misc>0.00</rec_misc><sys_class_name>question_choice</sys_class_name><sys_created_by>admin</sys_created_by><sys_created_on>2015-05-26 14:56:13</sys_created_on><sys_customer_update>true</sys_customer_update><sys_id>1966f9c10fd40200adc3cf8ce1050e54</sys_id><sys_mod_count>0</sys_mod_count><sys_name>VMware</sys_name><sys_package display_value="RightScaleCloudManagement" source="x_ris_rightscale_c">adee18db0f61f100bad2fc5be1050e29</sys_package><sys_policy/><sys_replace_on_upgrade>false</sys_replace_on_upgrade><sys_scope display_value="RightScaleCloudManagement">adee18db0f61f100bad2fc5be1050e29</sys_scope><sys_update_name>question_choice_1966f9c10fd40200adc3cf8ce1050e54</sys_update_name><sys_updated_by>admin</sys_updated_by><sys_updated_on>2015-05-26 14:56:13</sys_updated_on><text>VMware</text><value>VMware</value></question_choice><fx_price action="delete_multiple" query="id=1966f9c10fd40200adc3cf8ce1050e54"/><fx_price action="INSERT_OR_UPDATE"><amount>0</amount><currency display_value="USD">USD</currency><field>misc</field><id>1966f9c10fd40200adc3cf8ce1050e54</id><parent/><reference_amount>0</reference_amount><reference_currency display_value="USD">USD</reference_currency><sys_created_by>admin</sys_created_by><sys_created_on>2015-05-26 14:56:13</sys_created_on><sys_id>aa66b1810fd40200adc3cf8ce1050ea7</sys_id><sys_mod_count>0</sys_mod_count><sys_updated_by>admin</sys_updated_by><sys_updated_on>2015-05-26 14:56:13</sys_updated_on><table>question_choice</table><type>calculated</type></fx_price><fx_price action="INSERT_OR_UPDATE"><amount>0</amount><currency display_value="USD">USD</currency><field>rec_misc</field><id>1966f9c10fd40200adc3cf8ce1050e54</id><parent/><reference_amount>0</reference_amount><reference_currency display_value="USD">USD</reference_currency><sys_created_by>admin</sys_created_by><sys_created_on>2015-05-26 14:56:13</sys_created_on><sys_id>6a66b1810fd40200adc3cf8ce1050ea7</sys_id><sys_mod_count>0</sys_mod_count><sys_updated_by>admin</sys_updated_by><sys_updated_on>2015-05-26 14:56:13</sys_updated_on><table>question_choice</table><type>calculated</type></fx_price></record_update>]]></payload>
<remote_update_set display_value="DockerContainerWith WordPress">e6d6b9c10fd40200adc3cf8ce1050ee5</remote_update_set>
<replace_on_upgrade>false</replace_on_upgrade>
<sys_created_by>admin</sys_created_by>
<sys_created_on>2015-05-26 14:58:08</sys_created_on>
<sys_id>6ed6b9c10fd40200adc3cf8ce1050ee5</sys_id>
<sys_mod_count>0</sys_mod_count>
<sys_updated_by>admin</sys_updated_by>
<sys_updated_on>2015-05-26 14:58:08</sys_updated_on>
<table/>
<target_name>VMware</target_name>
<type>Question Choice</type>
<update_domain>global                          </update_domain>
<update_set display_value=""/>
<view/>
</sys_update_xml>
<sys_update_xml action="INSERT_OR_UPDATE">
<action>INSERT_OR_UPDATE</action>
<application display_value="RightScaleCloudManagement">adee18db0f61f100bad2fc5be1050e29</application>
<category>customer</category>
<comments/>
<name>sc_cat_item_b7140a094fd771001816e321a310c7f0</name>
<payload><![CDATA[<?xml version="1.0" encoding="UTF-8"?><record_update table="sc_cat_item"><sc_cat_item action="INSERT_OR_UPDATE"><active>true</active><availability>on_desktop</availability><billable>false</billable><category/><cost>0</cost><custom_cart/><delivery_plan/><delivery_plan_script/><delivery_time>1970-01-03 00:00:00</delivery_time><description/><entitlement_script/><group/><icon/><ignore_price>true</ignore_price><image/><list_price>0.00</list_price><location/><meta/><mobile_hide_price>false</mobile_hide_price><mobile_picture/><mobile_picture_type>use_desktop_picture</mobile_picture_type><model/><name>Copy of Launch Application</name><no_cart>false</no_cart><no_order>false</no_order><no_order_now>false</no_order_now><no_proceed_checkout>false</no_proceed_checkout><no_quantity>false</no_quantity><no_search>false</no_search><omit_price>false</omit_price><order>0</order><ordered_item_link/><picture/><preview>JavaScript: popupOpenStandard("./com.glideapp.servicecatalog_cat_item_view.do?v=1&amp;sysparm_id=d60635c10fd40200adc3cf8ce1050ecc&amp;sysparm_preview=true", "summary");</preview><price>0</price><recurring_frequency/><recurring_price>0.00</recurring_price><roles/><sc_catalogs>e0d08b13c3330100c8b837659bba8fb4</sc_catalogs><sc_ic_item_staging/><sc_ic_version/><short_description/><start_closed>false</start_closed><sys_class_name>sc_cat_item</sys_class_name><sys_created_by>admin</sys_created_by><sys_created_on>2015-05-26 14:54:34</sys_created_on><sys_customer_update>true</sys_customer_update><sys_id>d60635c10fd40200adc3cf8ce1050ecc</sys_id><sys_mod_count>0</sys_mod_count><sys_name>Launch Application</sys_name><sys_package display_value="RightScaleCloudManagement" source="x_ris_rightscale_c">adee18db0f61f100bad2fc5be1050e29</sys_package><sys_policy/><sys_replace_on_upgrade>false</sys_replace_on_upgrade><sys_scope display_value="RightScaleCloudManagement">adee18db0f61f100bad2fc5be1050e29</sys_scope><sys_update_name>sc_cat_item_b7140a094fd771001816e321a310c7f0</sys_update_name><sys_updated_by>admin</sys_updated_by><sys_updated_on>2015-05-26 14:54:34</sys_updated_on><template/><type>item</type><use_sc_layout>true</use_sc_layout><vendor/><visible_bundle>true</visible_bundle><visible_guide>true</visible_guide><visible_standalone>true</visible_standalone><workflow display_value="Self-Service Launch Application">74ee3c2a0f96b500bad2fc5be1050eb4</workflow></sc_cat_item><sys_translated_text action="delete_multiple" query="documentkey=d60635c10fd40200adc3cf8ce1050ecc"/><fx_price action="delete_multiple" query="id=d60635c10fd40200adc3cf8ce1050ecc"/><fx_price action="INSERT_OR_UPDATE"><amount>0</amount><currency display_value="USD">USD</currency><field>price</field><id>d60635c10fd40200adc3cf8ce1050ecc</id><parent/><reference_amount>0</reference_amount><reference_currency display_value="USD">USD</reference_currency><sys_created_by>admin</sys_created_by><sys_created_on>2015-05-26 14:54:34</sys_created_on><sys_id>da0635c10fd40200adc3cf8ce1050ecc</sys_id><sys_mod_count>0</sys_mod_count><sys_updated_by>admin</sys_updated_by><sys_updated_on>2015-05-26 14:54:34</sys_updated_on><table>sc_cat_item</table><type>calculated</type></fx_price></record_update>]]></payload>
<remote_update_set display_value="DockerContainerWith WordPress">e6d6b9c10fd40200adc3cf8ce1050ee5</remote_update_set>
<replace_on_upgrade>false</replace_on_upgrade>
<sys_created_by>admin</sys_created_by>
<sys_created_on>2015-05-26 14:58:08</sys_created_on>
<sys_id>a2d6b9c10fd40200adc3cf8ce1050ee6</sys_id>
<sys_mod_count>0</sys_mod_count>
<sys_updated_by>admin</sys_updated_by>
<sys_updated_on>2015-05-26 14:58:08</sys_updated_on>
<table/>
<target_name>Copy of Launch Application</target_name>
<type>Catalog Item</type>
<update_domain>global</update_domain>
<update_set display_value=""/>
<view/>
</sys_update_xml>
<sys_update_xml action="INSERT_OR_UPDATE">
<action>INSERT_OR_UPDATE</action>
<application display_value="RightScaleCloudManagement">adee18db0f61f100bad2fc5be1050e29</application>
<category>customer</category>
<comments/>
<name>item_option_new_6a0635c10fd40200adc3cf8ce1050ecf</name>
<payload><![CDATA[<?xml version="1.0" encoding="UTF-8"?><record_update table="item_option_new"><item_option_new action="INSERT_OR_UPDATE"><active>true</active><attributes/><cat_item display_value="Copy of Launch Application">d60635c10fd40200adc3cf8ce1050ecc</cat_item><category/><choice_direction>down</choice_direction><choice_field/><choice_table/><create_roles/><default_html_value/><default_value/><delete_roles/><delivery_plan/><description/><display_title>false</display_title><do_not_select_first>false</do_not_select_first><dynamic_default_value/><dynamic_ref_qual/><field/><global>false</global><help_tag>More information</help_tag><help_text/><include_none>false</include_none><layout>normal</layout><list_table/><lookup_label/><lookup_price/><lookup_table/><lookup_unique>false</lookup_unique><lookup_value/><macro/><mandatory>false</mandatory><map_to_field>false</map_to_field><mask_use_confirmation>false</mask_use_confirmation><mask_use_encryption>false</mask_use_encryption><name>u_application</name><order>5</order><price_if_checked>0</price_if_checked><pricing_implications>false</pricing_implications><question_text>Application</question_text><read_roles/><rec_lookup_price/><rec_price_if_checked>0</rec_price_if_checked><record/><record_producer_table/><reference>x_ris_rightscale_c_applications</reference><reference_qual/><reference_qual_condition/><scale_max>5</scale_max><scale_min>0</scale_min><show_help>false</show_help><summary_macro/><sys_class_name>item_option_new</sys_class_name><sys_created_by>admin</sys_created_by><sys_created_on>2015-05-26 14:54:34</sys_created_on><sys_customer_update>true</sys_customer_update><sys_id>6a0635c10fd40200adc3cf8ce1050ecf</sys_id><sys_mod_count>0</sys_mod_count><sys_name>Application</sys_name><sys_package display_value="RightScaleCloudManagement" source="x_ris_rightscale_c">adee18db0f61f100bad2fc5be1050e29</sys_package><sys_policy/><sys_replace_on_upgrade>false</sys_replace_on_upgrade><sys_scope display_value="RightScaleCloudManagement">adee18db0f61f100bad2fc5be1050e29</sys_scope><sys_update_name>item_option_new_f0744a094fd771001816e321a310c7ee</sys_update_name><sys_updated_by>admin</sys_updated_by><sys_updated_on>2015-05-26 14:54:34</sys_updated_on><table/><type>8</type><ui_page/><use_dynamic_default>false</use_dynamic_default><use_reference_qualifier>simple</use_reference_qualifier><variable_name/><variable_set/><visibility>1</visibility><visible_bundle>true</visible_bundle><visible_guide>true</visible_guide><visible_standalone>true</visible_standalone><visible_summary>true</visible_summary><write_roles/></item_option_new><sys_translated_text action="delete_multiple" query="documentkey=6a0635c10fd40200adc3cf8ce1050ecf"/></record_update>]]></payload>
<remote_update_set display_value="DockerContainerWith WordPress">e6d6b9c10fd40200adc3cf8ce1050ee5</remote_update_set>
<replace_on_upgrade>false</replace_on_upgrade>
<sys_created_by>admin</sys_created_by>
<sys_created_on>2015-05-26 14:58:08</sys_created_on>
<sys_id>aad6b9c10fd40200adc3cf8ce1050ee5</sys_id>
<sys_mod_count>0</sys_mod_count>
<sys_updated_by>admin</sys_updated_by>
<sys_updated_on>2015-05-26 14:58:08</sys_updated_on>
<table/>
<target_name>Application</target_name>
<type>Variable</type>
<update_domain>global                          </update_domain>
<update_set display_value=""/>
<view/>
</sys_update_xml>
<sys_update_xml action="INSERT_OR_UPDATE">
<action>INSERT_OR_UPDATE</action>
<application display_value="RightScaleCloudManagement">adee18db0f61f100bad2fc5be1050e29</application>
<category>customer</category>
<comments/>
<name>question_choice_2b46f9c10fd40200adc3cf8ce1050e09</name>
<payload><![CDATA[<?xml version="1.0" encoding="UTF-8"?><record_update table="question_choice"><question_choice action="INSERT_OR_UPDATE"><misc>0.00</misc><order>100</order><question display_value="Cloud">b426b9c10fd40200adc3cf8ce1050edc</question><rec_misc>0.00</rec_misc><sys_class_name>question_choice</sys_class_name><sys_created_by>admin</sys_created_by><sys_created_on>2015-05-26 14:55:51</sys_created_on><sys_customer_update>true</sys_customer_update><sys_id>2b46f9c10fd40200adc3cf8ce1050e09</sys_id><sys_mod_count>0</sys_mod_count><sys_name>AWS</sys_name><sys_package display_value="RightScaleCloudManagement" source="x_ris_rightscale_c">adee18db0f61f100bad2fc5be1050e29</sys_package><sys_policy/><sys_replace_on_upgrade>false</sys_replace_on_upgrade><sys_scope display_value="RightScaleCloudManagement">adee18db0f61f100bad2fc5be1050e29</sys_scope><sys_update_name>question_choice_2b46f9c10fd40200adc3cf8ce1050e09</sys_update_name><sys_updated_by>admin</sys_updated_by><sys_updated_on>2015-05-26 14:55:51</sys_updated_on><text>AWS</text><value>AWS</value></question_choice><fx_price action="delete_multiple" query="id=2b46f9c10fd40200adc3cf8ce1050e09"/><fx_price action="INSERT_OR_UPDATE"><amount>0</amount><currency display_value="USD">USD</currency><field>misc</field><id>2b46f9c10fd40200adc3cf8ce1050e09</id><parent/><reference_amount>0</reference_amount><reference_currency display_value="USD">USD</reference_currency><sys_created_by>admin</sys_created_by><sys_created_on>2015-05-26 14:55:51</sys_created_on><sys_id>c156f9810fd40200adc3cf8ce1050e70</sys_id><sys_mod_count>0</sys_mod_count><sys_updated_by>admin</sys_updated_by><sys_updated_on>2015-05-26 14:55:51</sys_updated_on><table>question_choice</table><type>calculated</type></fx_price><fx_price action="INSERT_OR_UPDATE"><amount>0</amount><currency display_value="USD">USD</currency><field>rec_misc</field><id>2b46f9c10fd40200adc3cf8ce1050e09</id><parent/><reference_amount>0</reference_amount><reference_currency display_value="USD">USD</reference_currency><sys_created_by>admin</sys_created_by><sys_created_on>2015-05-26 14:55:51</sys_created_on><sys_id>8156f9810fd40200adc3cf8ce1050e70</sys_id><sys_mod_count>0</sys_mod_count><sys_updated_by>admin</sys_updated_by><sys_updated_on>2015-05-26 14:55:51</sys_updated_on><table>question_choice</table><type>calculated</type></fx_price></record_update>]]></payload>
<remote_update_set display_value="DockerContainerWith WordPress">e6d6b9c10fd40200adc3cf8ce1050ee5</remote_update_set>
<replace_on_upgrade>false</replace_on_upgrade>
<sys_created_by>admin</sys_created_by>
<sys_created_on>2015-05-26 14:58:08</sys_created_on>
<sys_id>aed6b9c10fd40200adc3cf8ce1050ee5</sys_id>
<sys_mod_count>0</sys_mod_count>
<sys_updated_by>admin</sys_updated_by>
<sys_updated_on>2015-05-26 14:58:08</sys_updated_on>
<table/>
<target_name>AWS</target_name>
<type>Question Choice</type>
<update_domain>global                          </update_domain>
<update_set display_value=""/>
<view/>
</sys_update_xml>
<sys_update_xml action="INSERT_OR_UPDATE">
<action>INSERT_OR_UPDATE</action>
<application display_value="RightScaleCloudManagement">adee18db0f61f100bad2fc5be1050e29</application>
<category>customer</category>
<comments/>
<name>sc_cat_item_catalog_920635c10fd40200adc3cf8ce1050ecd</name>
<payload><![CDATA[<?xml version="1.0" encoding="UTF-8"?><record_update table="sc_cat_item_catalog"><sc_cat_item_catalog action="INSERT_OR_UPDATE"><sc_cat_item display_value="Copy of Launch Application">d60635c10fd40200adc3cf8ce1050ecc</sc_cat_item><sc_catalog display_value="Service Catalog">e0d08b13c3330100c8b837659bba8fb4</sc_catalog><sys_class_name>sc_cat_item_catalog</sys_class_name><sys_created_by>admin</sys_created_by><sys_created_on>2015-05-26 14:54:34</sys_created_on><sys_customer_update>true</sys_customer_update><sys_id>920635c10fd40200adc3cf8ce1050ecd</sys_id><sys_mod_count>0</sys_mod_count><sys_name>Service Catalog.Copy of Launch Application</sys_name><sys_package display_value="RightScaleCloudManagement" source="x_ris_rightscale_c">adee18db0f61f100bad2fc5be1050e29</sys_package><sys_policy/><sys_replace_on_upgrade>false</sys_replace_on_upgrade><sys_scope display_value="RightScaleCloudManagement">adee18db0f61f100bad2fc5be1050e29</sys_scope><sys_update_name>sc_cat_item_catalog_920635c10fd40200adc3cf8ce1050ecd</sys_update_name><sys_updated_by>admin</sys_updated_by><sys_updated_on>2015-05-26 14:54:34</sys_updated_on></sc_cat_item_catalog></record_update>]]></payload>
<remote_update_set display_value="DockerContainerWith WordPress">e6d6b9c10fd40200adc3cf8ce1050ee5</remote_update_set>
<replace_on_upgrade>false</replace_on_upgrade>
<sys_created_by>admin</sys_created_by>
<sys_created_on>2015-05-26 14:58:08</sys_created_on>
<sys_id>e2d6b9c10fd40200adc3cf8ce1050ee6</sys_id>
<sys_mod_count>0</sys_mod_count>
<sys_updated_by>admin</sys_updated_by>
<sys_updated_on>2015-05-26 14:58:08</sys_updated_on>
<table/>
<target_name>Service Catalog.Copy of Launch Application</target_name>
<type>Catalog Items Catalog</type>
<update_domain>global                          </update_domain>
<update_set display_value=""/>
<view/>
</sys_update_xml>
<sys_update_xml action="INSERT_OR_UPDATE">
<action>INSERT_OR_UPDATE</action>
<application display_value="RightScaleCloudManagement">adee18db0f61f100bad2fc5be1050e29</application>
<category>customer</category>
<comments/>
<name>item_option_new_b426b9c10fd40200adc3cf8ce1050edc</name>
<payload><![CDATA[<?xml version="1.0" encoding="UTF-8"?><record_update table="item_option_new"><item_option_new action="INSERT_OR_UPDATE"><active>true</active><attributes/><cat_item display_value="Docker Container with  WordPress">d60635c10fd40200adc3cf8ce1050ecc</cat_item><category/><choice_direction>down</choice_direction><choice_field/><choice_table/><create_roles/><default_html_value/><default_value>AWS</default_value><delete_roles/><delivery_plan/><description/><display_title>false</display_title><do_not_select_first>false</do_not_select_first><dynamic_default_value/><dynamic_ref_qual/><field/><global>false</global><help_tag>More information</help_tag><help_text/><include_none>false</include_none><layout>normal</layout><list_table/><lookup_label/><lookup_price/><lookup_table/><lookup_unique>false</lookup_unique><lookup_value/><macro/><mandatory>false</mandatory><map_to_field>false</map_to_field><mask_use_confirmation>false</mask_use_confirmation><mask_use_encryption>false</mask_use_encryption><name>param_location</name><order>25</order><price_if_checked>0</price_if_checked><pricing_implications>false</pricing_implications><question_text>Cloud</question_text><read_roles/><rec_lookup_price/><rec_price_if_checked>0</rec_price_if_checked><record/><record_producer_table/><reference/><reference_qual/><reference_qual_condition/><scale_max>5</scale_max><scale_min>0</scale_min><show_help>false</show_help><summary_macro/><sys_class_name>item_option_new</sys_class_name><sys_created_by>admin</sys_created_by><sys_created_on>2015-05-26 14:55:17</sys_created_on><sys_customer_update>true</sys_customer_update><sys_id>b426b9c10fd40200adc3cf8ce1050edc</sys_id><sys_mod_count>2</sys_mod_count><sys_name>Cloud</sys_name><sys_package display_value="RightScaleCloudManagement" source="x_ris_rightscale_c">adee18db0f61f100bad2fc5be1050e29</sys_package><sys_policy/><sys_replace_on_upgrade>false</sys_replace_on_upgrade><sys_scope display_value="RightScaleCloudManagement">adee18db0f61f100bad2fc5be1050e29</sys_scope><sys_update_name>item_option_new_b426b9c10fd40200adc3cf8ce1050edc</sys_update_name><sys_updated_by>admin</sys_updated_by><sys_updated_on>2015-05-26 14:56:22</sys_updated_on><table/><type>5</type><ui_page/><use_dynamic_default>false</use_dynamic_default><use_reference_qualifier>simple</use_reference_qualifier><variable_name/><variable_set/><visibility>1</visibility><visible_bundle>true</visible_bundle><visible_guide>true</visible_guide><visible_standalone>true</visible_standalone><visible_summary>true</visible_summary><write_roles/></item_option_new><sys_translated_text action="delete_multiple" query="documentkey=b426b9c10fd40200adc3cf8ce1050edc"/></record_update>]]></payload>
<remote_update_set display_value="DockerContainerWith WordPress">e6d6b9c10fd40200adc3cf8ce1050ee5</remote_update_set>
<replace_on_upgrade>false</replace_on_upgrade>
<sys_created_by>admin</sys_created_by>
<sys_created_on>2015-05-26 14:58:08</sys_created_on>
<sys_id>ead6b9c10fd40200adc3cf8ce1050ee5</sys_id>
<sys_mod_count>0</sys_mod_count>
<sys_updated_by>admin</sys_updated_by>
<sys_updated_on>2015-05-26 14:58:08</sys_updated_on>
<table/>
<target_name>Cloud</target_name>
<type>Variable</type>
<update_domain>global</update_domain>
<update_set display_value=""/>
<view/>
</sys_update_xml>
<sys_update_xml action="INSERT_OR_UPDATE">
<action>INSERT_OR_UPDATE</action>
<application display_value="RightScaleCloudManagement">adee18db0f61f100bad2fc5be1050e29</application>
<category>customer</category>
<comments/>
<name>question_choice_6e56f9810fd40200adc3cf8ce1050e70</name>
<payload><![CDATA[<?xml version="1.0" encoding="UTF-8"?><record_update table="question_choice"><question_choice action="INSERT_OR_UPDATE"><misc>0.00</misc><order>200</order><question display_value="Cloud">b426b9c10fd40200adc3cf8ce1050edc</question><rec_misc>0.00</rec_misc><sys_class_name>question_choice</sys_class_name><sys_created_by>admin</sys_created_by><sys_created_on>2015-05-26 14:56:02</sys_created_on><sys_customer_update>true</sys_customer_update><sys_id>6e56f9810fd40200adc3cf8ce1050e70</sys_id><sys_mod_count>0</sys_mod_count><sys_name>Azure</sys_name><sys_package display_value="RightScaleCloudManagement" source="x_ris_rightscale_c">adee18db0f61f100bad2fc5be1050e29</sys_package><sys_policy/><sys_replace_on_upgrade>false</sys_replace_on_upgrade><sys_scope display_value="RightScaleCloudManagement">adee18db0f61f100bad2fc5be1050e29</sys_scope><sys_update_name>question_choice_6e56f9810fd40200adc3cf8ce1050e70</sys_update_name><sys_updated_by>admin</sys_updated_by><sys_updated_on>2015-05-26 14:56:02</sys_updated_on><text>Azure</text><value>Azure</value></question_choice><fx_price action="delete_multiple" query="id=6e56f9810fd40200adc3cf8ce1050e70"/><fx_price action="INSERT_OR_UPDATE"><amount>0</amount><currency display_value="USD">USD</currency><field>misc</field><id>6e56f9810fd40200adc3cf8ce1050e70</id><parent/><reference_amount>0</reference_amount><reference_currency display_value="USD">USD</reference_currency><sys_created_by>admin</sys_created_by><sys_created_on>2015-05-26 14:56:02</sys_created_on><sys_id>8c66f9c10fd40200adc3cf8ce1050e53</sys_id><sys_mod_count>0</sys_mod_count><sys_updated_by>admin</sys_updated_by><sys_updated_on>2015-05-26 14:56:02</sys_updated_on><table>question_choice</table><type>calculated</type></fx_price><fx_price action="INSERT_OR_UPDATE"><amount>0</amount><currency display_value="USD">USD</currency><field>rec_misc</field><id>6e56f9810fd40200adc3cf8ce1050e70</id><parent/><reference_amount>0</reference_amount><reference_currency display_value="USD">USD</reference_currency><sys_created_by>admin</sys_created_by><sys_created_on>2015-05-26 14:56:02</sys_created_on><sys_id>4c66f9c10fd40200adc3cf8ce1050e53</sys_id><sys_mod_count>0</sys_mod_count><sys_updated_by>admin</sys_updated_by><sys_updated_on>2015-05-26 14:56:02</sys_updated_on><table>question_choice</table><type>calculated</type></fx_price></record_update>]]></payload>
<remote_update_set display_value="DockerContainerWith WordPress">e6d6b9c10fd40200adc3cf8ce1050ee5</remote_update_set>
<replace_on_upgrade>false</replace_on_upgrade>
<sys_created_by>admin</sys_created_by>
<sys_created_on>2015-05-26 14:58:08</sys_created_on>
<sys_id>eed6b9c10fd40200adc3cf8ce1050ee5</sys_id>
<sys_mod_count>0</sys_mod_count>
<sys_updated_by>admin</sys_updated_by>
<sys_updated_on>2015-05-26 14:58:08</sys_updated_on>
<table/>
<target_name>Azure</target_name>
<type>Question Choice</type>
<update_domain>global                          </update_domain>
<update_set display_value=""/>
<view/>
</sys_update_xml>
</unload>
